date,prev_close,open,pred_open,close,pred_close_from_open,open_gap_pct,pred_open_gap_pct,close_ret_pct,pred_close_ret_from_open_pct,open_abs_err_pct,close_abs_err_pct
2024-04-03,2753.16,2730.68,2748.5638333239635,2706.97,2724.3642049677696,-0.8165162940039772,-0.16694150271092933,-1.6777085240233025,-1.0459179645291306,0.6549223389032658,0.6425710284107263
2024-04-04,2706.97,2738.24,2726.4992616514282,2742.0,2738.3107410596485,1.15516610823172,0.7214435938125772,1.294066797932758,1.1577794013102731,0.4287695143074216,0.13454627791216137
2024-04-05,2742.0,2713.96,2712.9038496526173,2714.21,2705.7230944716644,-1.0226112326768733,-1.0611287508163016,-1.0134938001458815,-1.323008954352129,0.038915472128651644,0.31268418907658885
2024-04-08,2714.21,2718.76,2723.109809024236,2717.65,2715.3438213865734,0.16763625511659885,0.32789684748916403,0.12674037749473843,0.041773532135425645,0.15999238712632166,0.08485929436927896
2024-04-09,2717.65,2733.23,2719.147041652377,2705.16,2731.2513792632235,0.5732894228469343,0.055085888630880694,-0.45958824719887215,0.5004831108944587,0.5152496624002713,0.9645041056064575
2024-04-11,2705.16,2665.4,2653.012528661675,2706.96,2656.7061548604884,-1.469783672684788,-1.9277037712492142,0.06653950228452388,-1.7911637440857977,0.46475093187983835,1.8564679618284594
2024-04-12,2706.96,2710.89,2705.771471741861,2681.82,2707.784521076777,0.1451813103998445,-0.043906384214723815,-0.9287170848479409,0.030459300350843627,0.18881357259566664,0.9681679261388418
2024-04-15,2681.82,2661.36,2658.2010866079195,2670.43,2657.912784272756,-0.7629147370069589,-0.8807046480405432,-0.42471157646674085,-0.8914548973176462,0.1186954561607843,0.4687340887888332
2024-04-16,2670.43,2644.17,2632.9931167637696,2609.63,2641.3613088066104,-0.9833622300528311,-1.4019046833742177,-2.27678688450923,-1.0885397180749765,0.4226991167825981,1.2159313315148235
2024-04-17,2609.63,2619.15,2606.9520488282124,2584.18,2615.734702086918,0.3648026731758902,-0.10261804055700485,-0.9752340370090873,0.23392979414392556,0.4657217483453691,1.221072142301157
2024-04-18,2584.18,2595.46,2575.0788250287537,2634.7,2591.6128289379308,0.4365021012468162,-0.35218812045779707,1.9549721768607364,0.28762814269636416,0.7852625342423428,1.6353729480422456
2024-04-19,2634.7,2600.69,2626.9274976526754,2591.86,2595.8056948107055,-1.290849053023102,-0.2950052130156974,-1.6259915739932351,-1.476232785110046,1.0088667873785535,0.15223410256361802
2024-04-22,2591.86,2615.72,2575.572524957945,2629.44,2613.1662722045694,0.9205744137414706,-0.6284087505519216,1.4499239928082552,0.8220456430736738,1.5348536938989952,0.6189047019681247
2024-04-23,2629.44,2632.15,2638.279196033985,2623.02,2628.8210920098322,0.10306377023243662,0.3361626823196229,-0.24415845198978436,-0.02353763501612971,0.23285891890602564,0.22116079975876077
2024-04-24,2623.02,2662.84,2650.6172642207357,2675.75,2661.689176756272,1.5180974601795016,1.0521179488046342,2.0102782289117105,1.4742234811885577,0.4590112728990266,0.5254909181996826
2024-04-25,2675.75,2646.8,2656.8811339344843,2628.62,2640.884776320769,-1.0819396430907124,-0.7051804565267856,-1.7613753153321587,-1.3030075186108867,0.38088007913269284,0.46658612963338997
2024-04-26,2628.62,2650.94,2647.551217062316,2656.33,2649.4717628213957,0.8491147446188618,0.7201960367917895,1.054165303467225,0.793258927551181,0.12783325679510013,0.2581846825734835
2024-04-29,2656.33,2675.46,2649.9351739733247,2687.44,2673.811705702926,0.7201665455722761,-0.24073914109599998,1.1711647272740988,0.6581149820589243,0.9540350454379931,0.5071106442217971
2024-04-30,2687.44,2693.22,2693.888425371284,2692.06,2690.3376192245623,0.21507456910665468,0.2399467661151169,0.17191081475307346,0.10782079691313562,0.0248188180425004,0.06398002925037384
2024-05-02,2692.06,2679.04,2665.3807641416956,2683.65,2674.0647389827936,-0.483644495293567,-0.991034221313949,-0.312400169387006,-0.6684569072459874,0.5098556146345081,0.35717254549611344
2024-05-03,2683.65,2704.31,2722.135371660845,2676.63,2703.136323968086,0.7698470366851007,1.434068215335281,-0.26158403666648455,0.726112718427733,0.6591467568749559,0.990287188295946
2024-05-07,2676.63,2718.17,2710.5626382726505,2734.36,2718.2526218083717,1.551951521129169,1.267737351544691,2.1568165940006656,1.5550383059433364,0.27987071181528744,0.5890730624946391
2024-05-08,2734.36,2732.11,2710.35973925348,2745.05,2728.2729199674422,-0.08228616568410896,-0.877728636555549,0.3909507160724912,-0.2226144338184338,0.796097549019634,0.6111757539045894
2024-05-09,2745.05,2743.29,2742.350852633873,2712.14,2739.7122221261175,-0.06411540773393343,-0.09832780335976933,-1.1988852662064509,-0.19445102544152262,0.0342343451157969,1.0166223766515592
2024-05-10,2712.14,2737.95,2712.630166832351,2727.63,2737.1702806082635,0.9516470388696741,0.01807306526767638,0.5711357083336477,0.9228978079399923,0.9247733949724792,0.3497644698241111
2024-05-13,2727.63,2735.2,2705.722699691706,2727.21,2732.2108157698203,0.2775303101960169,-0.8031624636880329,-0.015397982864251425,0.16794124459036752,1.0777018246670704,0.18336746234504464
2024-05-14,2727.21,2732.98,2728.404257650607,2730.34,2729.74380005556,0.2115715328119272,0.043790454369377896,0.11476930636071803,0.09290813892440083,0.16742685088777964,0.02183610628860458
2024-05-16,2730.34,2770.27,2763.207975075929,2753.0,2770.6214185204735,1.4624552253565515,1.2038052065284437,0.829933268384142,1.4753260956684202,0.2549219001783585,0.6400805855602443
2024-05-17,2753.0,2751.47,2744.8902097478876,2724.62,2747.366261131426,-0.05557573556120854,-0.29458010360016246,-1.0308754086451155,-0.20463998796126498,0.2391372703359354,0.8348415974127148
2024-05-20,2724.62,2741.24,2710.502474372995,2742.14,2738.5210425656282,0.6099933201694219,-0.5181465902402822,0.6430254494204757,0.5102011497246729,1.1213000549752938,0.13197566259824894
2024-05-21,2742.14,2733.03,2712.5831227015506,2724.18,2728.009995001142,-0.33222227895000067,-1.0778763045814248,-0.6549629121780809,-0.5152911594177411,0.7481395117671461,0.14059258202990915
2024-05-22,2724.18,2723.46,2716.912691443725,2723.46,2719.17764448263,-0.026429971587771384,-0.2667704981416279,-0.026429971587771384,-0.18362793638341754,0.24040406528000619,0.1572395231569393
2024-05-23,2723.46,2719.03,2711.54764920443,2721.81,2714.4585035199034,-0.16266073303811135,-0.4373976777911287,-0.060584697406973476,-0.3305169336100634,0.2751845619787297,0.2700958729704335
2024-05-24,2721.81,2693.65,2702.7177395094454,2687.6,2687.054560020227,-1.0346056484471622,-0.7014545648136523,-1.256884205730746,-1.2769238109850694,0.3366339171549884,0.020294685956716373
2024-05-27,2687.6,2697.16,2701.8880630127737,2722.99,2693.991726899126,0.3557076945974069,0.5316290747422984,1.3167882125316277,0.23782284934982562,0.17529783226704657,1.0649423281346453
2024-05-30,2677.3,2666.63,2639.3967026713253,2635.44,2661.5769694241485,-0.3985358383446047,-1.415728432699913,-1.563515482015465,-0.5872718998936151,1.0212626921873218,0.9917497428948657
2024-05-31,2635.44,2657.87,2616.892480572435,2636.52,2656.1018739305296,0.8510912788756375,-0.7037731622637978,0.040979874328384014,0.7840009232055841,1.5417428026037714,0.742716684513282
2024-06-03,2636.52,2657.81,2620.4028201271153,2682.52,2655.5139698380967,0.8075038308072768,-0.6113050488099683,1.744724106018536,0.7204181966416493,1.40744371768052,1.0067410554964458
2024-06-04,2682.52,2668.73,2681.0320662076515,2662.1,2662.904544218447,-0.5140688606235955,-0.05546776137171794,-0.761224520227255,-0.73123241510047,0.4609708066253041,0.030222163647010372
2024-06-05,2662.1,2681.11,2679.646614961581,2689.5,2679.0375770797827,0.7140978926411634,0.6591268157312036,1.0292626122234472,0.6362487164187267,0.05458131290470538,0.3890099617109965
2024-06-07,2689.5,2718.25,2685.3401411417285,2722.67,2717.4650801662765,1.0689719278676346,-0.15467034237855876,1.2333147425171997,1.0397873272458251,1.2107002247133813,0.1911696912855241
2024-06-10,2722.67,2698.71,2687.011346354702,2701.17,2691.555849498413,-0.8800185112408099,-1.3096942943984597,-0.7896660263638222,-1.1427808181522892,0.43349058051062306,0.3559254138609239
2024-06-11,2701.17,2716.72,2703.9688531102224,2705.32,2714.4433821815446,0.5756764661239311,0.1036163258966486,0.15363712761506942,0.4913938101468868,0.4693581557826119,0.33723855889670934
2024-06-12,2705.32,2709.65,2699.8709548231795,2728.17,2705.9920941048563,0.16005500273534867,-0.20141961678547318,0.8446320583147315,0.024843423508349838,0.36089698584025776,0.8129224313420277
2024-06-13,2728.17,2764.18,2751.1644643727086,2754.89,2764.242720726824,1.3199324089041342,0.8428530616753612,0.9794111070790867,1.322231412515487,0.4708642572947937,0.3394952512377597
2024-06-14,2754.89,2759.22,2748.360861428046,2758.42,2755.6103058692756,0.15717505962125067,-0.23700178852708403,0.12813578763581912,0.02614644756326162,0.3935582726985792,0.10185882246809541
2024-06-17,2758.42,2754.83,2742.2711976635387,2744.1,2750.4177427363256,-0.1301469681919465,-0.5854366752148477,-0.5191377672725705,-0.29010293079641014,0.45588302495838995,0.23023004760488786
2024-06-18,2744.1,2765.7,2755.00517064961,2763.92,2763.892888904673,0.7871433256805505,0.3974042727892666,0.722276884953188,0.7212889072800996,0.3866952073756981,0.0009808929103302562
2024-06-19,2763.92,2786.16,2774.9404111296935,2797.33,2784.3912478266325,0.804654259168136,0.3987239547343562,1.2087904136154348,0.7406599259975989,0.40269004186070884,0.4625393562206621
2024-06-24,2784.26,2772.85,2771.877446818622,2764.73,2767.5253560437686,-0.4098036821273965,-0.4447340830733564,-0.7014431123530174,-0.6010445847812991,0.03507413604695031,0.10110774085601872
2024-06-25,2764.73,2765.76,2768.0350420434565,2774.39,2761.8475067977,0.03725499415856426,0.11954303109006927,0.3494012073511632,-0.10425948292598974,0.08225739194493824,0.4520811134087039
2024-06-26,2774.39,2767.43,2769.051470538793,2792.05,2762.707924097722,-0.2508659561200832,-0.19242173815528751,0.6365363196955132,-0.42106826734085884,0.05859120334726972,1.050915130541299
2024-06-27,2792.05,2767.62,2789.016206253209,2784.06,2761.3859382232044,-0.8749843305098537,-0.10865828859767812,-0.2861696602854624,-1.0982633468883332,0.7730904623181336,0.8144243219181878
2024-06-28,2784.06,2792.79,2804.2639251916266,2797.82,2790.164327722142,0.3135708282149041,0.7257000636346276,0.4942422217911968,0.21925991976256232,0.41084095802501003,0.27362990749434307
2024-07-01,2797.82,2792.96,2805.145700296268,2804.31,2789.1652466638357,-0.17370667162290854,0.2618360114756457,0.2319663166322261,-0.30933917607867467,0.43630056629052677,0.5400527522336791
2024-07-02,2804.31,2798.65,2805.504274996761,2780.86,2794.9339719589198,-0.20183217975188184,0.0425871247030849,-0.8362128295373861,-0.3343434941600657,0.2449136189506004,0.5061014203850474
2024-07-03,2780.86,2797.14,2793.8288636344773,2794.01,2795.273996357865,0.5854304064210281,0.4663616159920725,0.47287529756983027,0.5183287313228712,0.11837578260375037,0.045239507298289044
2024-07-04,2794.01,2817.06,2804.7948576155372,2824.94,2815.7685980753363,0.8249791518283756,0.38599924894818427,1.1070110701106861,0.7787587759290695,0.43538804230164446,0.3246582909606494
2024-07-09,2857.76,2872.63,2839.733236419606,2867.38,2870.9154511362303,0.5203376070768595,-0.6308004724117646,0.33662728850567536,0.4603413560351443,1.1451792810210237,0.12329900941731552
2024-07-10,2867.38,2863.05,2851.5594988184353,2867.99,2859.415969452762,-0.15100893498594115,-0.5517406545893779,0.02127377606035985,-0.27774590557366924,0.4013377755039179,0.2989560823865399
2024-07-11,2867.99,2888.76,2883.068022628818,2891.35,2887.6114536090267,0.7242005725264233,0.5257348396897648,0.8145077214355645,0.6841534876002694,0.19703877688634638,0.129301066663433
2024-07-12,2891.35,2867.75,2889.039406518839,2857.0,2862.316604517336,-0.816227713697748,-0.0799140014581865,-1.1880263544710945,-1.004146695580398,0.7423731677739991,0.1860904626298966
2024-07-15,2857.0,2869.15,2869.7595673489236,2860.92,2867.21239400966,0.4252712635631761,0.44660718757169104,0.13720686034301988,0.35745166292125935,0.021245572693080514,0.21994302565817295
2024-07-16,2860.92,2861.71,2831.4094993869066,2866.09,2858.5829818748466,0.02761349495965515,-1.03150387333771,0.18071109992590095,-0.08168764331591094,1.0588249897122137,0.26192541494347826
2024-07-17,2866.09,2865.9,2860.1582790627954,2843.29,2862.7295983562753,-0.006629240533273517,-0.20696213088929105,-0.7955088639924113,-0.11724689886657666,0.20034617178564212,0.6837008661190165
2024-07-18,2843.29,2805.64,2790.4126554415943,2824.35,2798.567995431531,-1.3241702394057642,-1.859723931023775,-0.6661297299958902,-1.5728963478389102,0.5427404997934714,0.9128473655343315
2024-07-19,2824.35,2800.21,2792.8451175086975,2795.46,2795.3725283967747,-0.8547099332589791,-1.115473737012144,-1.0228902225290715,-1.02598727506241,0.26301179166214406,0.003129059375750942
2024-07-22,2795.46,2790.99,2778.155353899918,2763.51,2787.702888783459,-0.15990212702025053,-0.6190267827149016,-1.142924599171502,-0.27748961589653354,0.45985998158653224,0.8754406093503834
2024-07-23,2763.51,2788.83,2784.073058759974,2774.29,2787.794332994068,0.9162261037593433,0.7440920698667166,0.39008362553418774,0.8787495972175909,0.17057121588715532,0.4867671726484303
2024-07-24,2774.29,2755.5,2768.4485026431585,2758.71,2750.9040919994072,-0.6772904058335638,-0.21055828182495853,-0.5615851262845584,-0.8429510974192616,0.4699148119455076,0.28295500435322335
2024-07-25,2758.71,2721.29,2738.864868347931,2710.65,2715.529434567351,-1.356431085543608,-0.7193627330190199,-1.7421185989103583,-1.5652448221324127,0.6458285720349903,0.18000976029184612
2024-07-26,2710.65,2724.99,2711.531212145347,2731.9,2722.9786970426867,0.5290244037407854,0.032509255910837975,0.7839448102853641,0.45482437949152243,0.49390228421581933,0.326560377660727
2024-07-29,2731.9,2748.32,2740.152619354086,2765.53,2746.5339432322126,0.6010468904425581,0.30208350796463623,1.2310113840184433,0.5356690666646943,0.29717720810947645,0.6868866643206781
2024-07-30,2765.53,2744.4,2760.902449688006,2738.19,2739.6667132983457,-0.7640488441636895,-0.16732960090810184,-0.9885989304039389,-0.9352018130938571,0.601313572657265,0.05393027139627483
2024-07-31,2738.19,2745.58,2738.7851237917694,2770.69,2743.234960660577,0.2698863117606809,0.021734203680880138,1.1869154441437546,0.1842443607118857,0.247484182148419,0.9909098217203264
2024-08-01,2770.69,2787.27,2833.0649577838412,2777.68,2785.884867647418,0.5984068950333654,2.2512427512223123,0.2522837271582201,0.5484145699236825,1.6430040069258183,0.2953856328813351
2024-08-02,2777.68,2719.39,2724.138463052554,2676.19,2711.6328247435354,-2.0985138676881454,-1.9275631803319977,-3.6537686126551616,-2.3777820071593645,0.1746150075036734,1.3243762492026092
2024-08-05,2676.19,2611.3,2637.7623750900343,2441.55,2600.0241467326236,-2.424715733935179,-1.435907947864897,-8.767688392827111,-2.846055521744589,1.0133793547288372,6.4907188766408
2024-08-06,2441.55,2533.34,2452.743198811953,2522.15,2559.1146559617355,3.7594970408142414,0.4584464300117821,3.301181626425831,4.815164791289765,3.1814443062536912,1.465601013489895
2024-08-07,2522.15,2515.27,2474.3960739867503,2568.41,2508.941938789947,-0.27278314136748305,-1.8933816788553286,1.8341494359970456,-0.5236826203855173,1.6250313490499917,2.3153648058547054
2024-08-08,2568.41,2530.21,2549.585775962382,2556.73,2516.360059051874,-1.4873014822399777,-0.7329135160514804,-0.45475605530268526,-2.026543306875684,0.765777384580007,1.5789677028128113
2024-08-09,2556.73,2603.08,2606.3745884766513,2588.43,2609.767397686724,1.812862523614145,1.9417219838094464,1.239864983787875,2.0744230985173933,0.12656501055101535,0.8243374434203057
2024-08-12,2588.43,2602.16,2609.6046781764376,2618.3,2601.119035517236,0.5304373693706177,0.8180510261601659,1.1539813709468882,0.4902213124263123,0.2860960961830833,0.656187773851889
2024-08-13,2618.3,2624.5,2613.4332293068564,2621.5,2621.9507857313606,0.23679486689835993,-0.1858752126625518,0.12221670549592556,0.13943343892451743,0.42167158289744916,0.01719571738930425
2024-08-14,2621.5,2649.11,2652.867120699028,2644.5,2651.1281096000603,1.0532138088880538,1.196533309137049,0.8773602899103672,1.130196818617594,0.1418257716375627,0.2506375345078567
2024-08-16,2644.5,2695.49,2664.448876844025,2697.23,2702.307153195352,1.9281527698997936,0.7543534446596725,1.9939497069389356,2.1859388616128563,1.15159481786149,0.1882358269540199
2024-08-19,2697.23,2697.97,2702.5960061708633,2674.36,2694.072972986798,0.02743555425379629,0.19894507219864965,-0.8479069267359418,-0.1170470079749086,0.1714624762641374,0.7371099248716673
2024-08-20,2674.36,2699.74,2717.6765422630024,2696.63,2700.885370979159,0.9490121000912177,1.6196975075532938,0.8327225953125295,0.991839953452743,0.6643803574789644,0.15780329445117314
2024-08-21,2696.63,2687.2,2695.17584766995,2701.13,2681.044165333221,-0.34969573133875054,-0.05392479984461773,0.16687495132814423,-0.5779745336504817,0.2968088594057133,0.7436085885084831
2024-08-22,2701.13,2710.95,2701.0025742657617,2707.67,2708.880312147512,0.3635515506473119,-0.004717497278499579,0.24212089014596927,0.2869285131597511,0.36693504986215514,0.0446993964372325
2024-08-23,2707.67,2690.8,2675.4156534859426,2701.69,2683.285138073651,-0.623044905767689,-1.1912214750710926,-0.22085409226383357,-0.9005847066425868,0.5717387585126206,0.6812351500856495
2024-08-26,2701.69,2716.88,2739.847025091186,2698.01,2715.9482585431188,0.5622406715796391,1.4123391318465777,-0.1362110382760351,0.527753315262629,0.845345583580646,0.6648699798413844
2024-08-27,2698.01,2696.24,2698.7581273036753,2689.25,2691.857357842669,-0.06560390806559235,0.02772885584838458,-0.3246837483923404,-0.22804371211860786,0.09339403405021644,0.09695483285930981
2024-08-28,2689.25,2690.59,2682.743788663345,2689.83,2686.811107782868,0.04982801896440403,-0.2419340461710427,0.021567351492057796,-0.09069042361743954,0.2916167582818252,0.11223356930110477
2024-08-29,2689.83,2657.18,2674.80796695561,2662.28,2646.7789884274334,-1.2138313573720305,-0.5584751840967623,-1.024228296955565,-1.6005104996437138,0.6634088377757694,0.5822457281941331
2024-08-30,2662.28,2676.72,2659.5203069568092,2674.31,2675.5687131756436,0.5423922352269406,-0.10365900818813234,0.4518683233919685,0.4991478422871857,0.6425660152421832,0.04706683876003929
2024-09-02,2674.31,2683.8,2669.21810103293,2681.0,2681.6934069762306,0.35485788857687606,-0.19040047590106302,0.2501579846764246,0.27608642888186413,0.5433303139976963,0.025863743984728186
2024-09-05,2580.8,2598.36,2581.2733120545936,2575.5,2597.7363455704976,0.6804091754494701,0.018339741731007386,-0.20536267823931809,0.6562440162157978,0.6575950963456387,0.8633797542418029
2024-09-06,2575.5,2576.66,2568.4631009540276,2544.28,2572.9868543562,0.04503979809744596,-0.27322457953689017,-1.2121918074160298,-0.09757894171227492,0.31812109653474885,1.128289903477604
2024-09-09,2544.28,2498.67,2499.851452564485,2535.93,2486.682517575309,-1.7926486078576276,-1.7462129732386078,-0.32818714921315495,-2.263802821414764,0.04728325727226768,1.9419890306392937
2024-09-10,2535.93,2542.69,2540.6642994460167,2523.43,2540.0448177428766,0.2665688721692039,0.18668888518281923,-0.4929158139223122,0.16226069894975584,0.07966761791580451,0.6584219789285523
2024-09-11,2523.43,2524.86,2534.7753829912945,2513.37,2521.376209613976,0.056668899077849666,0.44960165296024446,-0.39866372358258184,-0.08138883923960855,0.392710209330194,0.3185448069315659
2024-09-12,2513.37,2547.5,2549.01608707722,2572.09,2548.62658414175,1.3579377489187916,1.4182586359039986,2.3363054385148407,1.4027613977150206,0.05951274100962368,0.9122315260449789
2024-09-13,2572.09,2571.81,2567.234473842707,2575.41,2568.0713079249276,-0.01088608874495467,-0.18877745947043945,0.1290779094043959,-0.15624228059953635,0.17791073824633616,0.2849523794297697
2024-09-19,2575.41,2594.67,2584.988667409192,2580.8,2593.935298128037,0.7478420911621875,0.37192786426986,0.20928706497218563,0.7193145218834176,0.3731238496921716,0.50896226472555
2024-09-20,2580.8,2603.83,2593.9532635978435,2593.37,2603.528615867413,0.8923589584624914,0.5096583849133165,0.48705827650339373,0.8806810240008176,0.3793157157785431,0.3917148678134288
2024-09-23,2593.37,2596.47,2580.8960866372627,2602.01,2593.1234221990553,0.1195355849724411,-0.48099242926143915,0.3331572432780705,-0.009508006992619639,0.5998110266144855,0.34152742691015425
2024-09-24,2602.01,2612.45,2599.5280351788597,2631.68,2610.2153588947635,0.4012282812133616,-0.09538644436957544,1.14027232793108,0.3153469392801422,0.49463012961550024,0.8156250419973665
2024-09-25,2631.68,2652.71,2653.4891152149908,2596.32,2652.139669923799,0.7991093142023509,0.8287145555307303,-1.3436284046692504,0.7774376035004016,0.029370538618647527,2.1499533926403047
2024-09-26,2596.32,2630.91,2590.825049946216,2671.57,2631.708971512752,1.332270290256976,-0.21164379020244906,2.898333025204902,1.3630435197800057,1.5236154050797563,1.4920450703986026
2024-09-27,2671.57,2674.58,2697.6713024759915,2649.78,2671.188030399888,0.11266783202386055,0.9770023797239649,-0.8156252690365573,-0.014297570346740757,0.86336181665875,0.8079172761469855
2024-09-30,2649.78,2665.24,2657.629454463116,2593.27,2663.652314990049,0.5834446633305346,0.2962304215110666,-2.1326298787069153,0.5235270471529236,0.28554822593401796,2.714037296156939
2024-10-02,2593.27,2566.55,2601.3382962346504,2561.69,2558.5683897435247,-1.0303593532489774,0.3111244195417438,-1.2177675290270584,-1.3381410441826442,1.3554497763398436,0.1218574556825915
2024-10-04,2561.69,2563.7,2555.308028785214,2569.71,2559.860067691008,0.07846382661444995,-0.24913128500271364,0.3130745718646688,-0.0714345728402674,0.32733826948495637,0.3833091013768795
2024-10-07,2569.71,2579.2,2551.4157706104297,2610.38,2576.451371400505,0.36930237264125587,-0.7119180526040048,1.5826688614668516,0.2623397737684341,1.0772421444467317,1.2997582190905121
2024-10-08,2610.38,2592.65,2590.718929394263,2594.36,2586.145066629743,-0.6792114558033746,-0.7531880647927482,-0.6137037519441613,-0.9284063381675219,0.07448250268016139,0.31664585370794
2024-10-10,2594.36,2611.65,2610.1961023207728,2599.16,2610.193840754069,0.6664456744630565,0.6104049677289503,0.18501672859587703,0.6103177952970626,0.05566969843690153,0.42451564174844697
2024-10-11,2599.16,2612.02,2592.8475284476226,2596.91,2609.8549620941462,0.49477523507595045,-0.24286583174476958,-0.08656642915403356,0.41147763485690236,0.7340093702336649,0.49847557651772206
2024-10-14,2596.91,2602.63,2593.0768909712974,2623.29,2599.4031836041772,0.22026177264520275,-0.14760269045528918,1.0158226507657186,0.09600577625629922,0.3670559790943274,0.9105671273790826
2024-10-15,2623.29,2632.37,2615.2477240384055,2633.45,2629.6961298358992,0.34613024103320456,-0.30657212742756124,0.3872999172794378,0.24420212160679627,0.650450960981715,0.14254571623158177
2024-10-16,2633.45,2606.7,2589.9607750370806,2610.36,2599.070050898147,-1.015777781996996,-1.651416391536548,-0.8767965976190784,-1.3055098483681977,0.6421615438262651,0.43250544376457367
2024-10-17,2610.36,2620.74,2623.0714478334244,2609.3,2618.3167342809725,0.39764630165952664,0.4869614855201647,-0.040607425795669005,0.3048136763117838,0.08896143201632328,0.3455614257069822
2024-10-18,2609.3,2616.04,2607.657893310414,2593.82,2613.079210852453,0.2583068255854082,-0.06293284365870594,-0.5932625608400688,0.14483619562536948,0.3204120231183843,0.7425037532462825
2024-10-21,2593.82,2600.77,2588.0549481818207,2604.92,2597.758131937766,0.26794457595360477,-0.222261059679513,0.42794025799786084,0.15182749526820385,0.48889566621344027,0.2749362000458415
2024-10-22,2604.92,2600.87,2583.7879197602997,2570.7,2596.4138662934038,-0.15547502418501447,-0.8112372065053979,-1.3136679821261432,-0.32654107253182707,0.6567833163403088,1.000267098199088
2024-10-23,2570.7,2575.25,2560.4126784784894,2599.62,2571.8639799572875,0.17699459291244946,-0.4001758867822196,1.1249854125335634,0.04527871619743648,0.5761507240660364,1.0676952801837347
2024-10-24,2599.62,2591.69,2584.727199406427,2581.03,2586.705906334724,-0.3050445834391069,-0.5728837519934704,-0.7151045152753,-0.49676851483200657,0.26865869735859094,0.2199085766040691
2024-10-25,2581.03,2597.44,2594.9277823150924,2583.27,2595.774646432725,0.6357926874154929,0.5384587670461849,0.08678705787998897,0.5712698586504126,0.09671898811551691,0.4840626969974168
2024-10-28,2583.27,2588.45,2579.947119400994,2612.43,2585.1787982914852,0.20052104503207602,-0.12863078961958951,1.1288018674006084,0.07389077763783278,0.3284931367809287,1.043136149428486
2024-10-29,2612.43,2606.94,2604.3647720671615,2617.8,2602.3194970005397,-0.21014917146104928,-0.30872513073415575,0.2055557469482494,-0.3870152692879838,0.0987835520893659,0.5913554511215693
2024-10-30,2617.8,2606.99,2621.3272064277867,2593.79,2601.7419734733367,-0.4129421651768772,0.13473933943717875,-0.9171823668729595,-0.6134168586852847,0.5499524903350952,0.3065773818750436
2024-10-31,2593.79,2575.24,2583.7338357022904,2556.15,2568.923832747422,-0.7151696937685803,-0.38770156017679236,-1.4511583435821707,-0.9586808204433722,0.3298269560231533,0.4997293878458499
2024-11-01,2556.15,2542.96,2542.4188148075077,2542.36,2537.3067136480176,-0.5160104062750692,-0.5371822933901527,-0.5394832071670241,-0.7371745144839867,0.021281702916771054,0.19876360358023565
2024-11-04,2542.36,2549.04,2541.1327767570583,2588.97,2546.177734059428,0.26274799792318504,-0.04827102546223867,1.8333359555688267,0.15016496717333255,0.31020396866826944,1.652868358481239
2024-11-05,2588.97,2570.24,2588.6324781959306,2576.88,2563.9887290554457,-0.7234537287029164,-0.013036914451274861,-0.46698107741687256,-0.9649115650067093,0.7155938043113031,0.500266638126511
2024-11-06,2576.88,2591.9,2599.252574929887,2563.51,2590.3905312299366,0.5828754152308102,0.8682039881518315,-0.5188444941169101,0.5242980359945567,0.2836751005010587,1.0485830455093377
2024-11-07,2563.51,2557.23,2566.8794416933442,2564.63,2552.748337390761,-0.24497661409552673,0.13143860150122566,0.043690096781356935,-0.4198018579696875,0.3773396093954871,0.4632895431013012
2024-11-08,2564.63,2586.7,2566.339872935095,2561.15,2585.9938033817475,0.8605529842511173,0.06667133017609006,-0.13569208813747347,0.8330169802953015,0.787108171218334,0.9700253160395689
2024-11-11,2561.15,2562.05,2542.590890551987,2531.66,2558.472921951421,0.035140464244576286,-0.7246396910767889,-1.1514358784139977,-0.104526406051138,0.759513258836219,1.0591043801861715
2024-11-12,2531.66,2527.94,2497.1429696292867,2482.57,2523.6963457896672,-0.14693916244676863,-1.3634149281780763,-1.9390439474494925,-0.3145625483016127,1.2182658754050095,1.6566036723905904
2024-11-13,2482.57,2468.27,2459.0493336284208,2417.08,2462.5192205243534,-0.5760159834365286,-0.9474321518257078,-2.637992080787255,-0.8076621998834562,0.37356797966102684,1.8799220764043167
2024-11-14,2417.08,2430.26,2406.787931973438,2418.86,2428.054938304737,0.5452860476277355,-0.42580584947796984,0.07364257699373766,0.4540577185999986,0.9658253860312181,0.38013520024874325
2024-11-15,2418.86,2413.05,2401.9835926583255,2416.86,2408.168497799107,-0.24019579471320496,-0.6977008732078203,-0.08268357821452632,-0.4420058292291774,0.458606632339764,0.3596195973657123
2024-11-18,2416.86,2440.31,2401.7487720497784,2469.07,2439.4835137719674,0.9702672062096962,-0.6252421716699235,2.1602409738255446,0.9360705118197725,1.5801774344333945,1.1982846265206233
2024-11-19,2469.07,2469.13,2489.084903692232,2471.95,2465.135091713582,0.0024300647612163218,0.8106252026970382,0.11664310853882753,-0.15936803275801364,0.8081754987478063,0.2756895684143249
2024-11-20,2471.95,2475.76,2484.339270194604,2482.29,2472.3356407247998,0.1541293310949099,0.5011942067842975,0.41829325026800923,0.015600668492484593,0.34653077013134753,0.40101516241858143
2024-11-21,2482.29,2474.62,2470.356062321816,2480.63,2469.5623463457327,-0.3089888772061289,-0.48076323387614317,-0.06687373352830539,-0.5127383848892407,0.17230676540980003,0.4461630172281783
2024-11-22,2480.63,2493.42,2495.252178288176,2501.24,2491.3651686299563,0.5155948287330236,0.5894542228456396,0.8308373276143532,0.4327597678797751,0.07348053228801336,0.39479743527384287
2024-11-25,2501.24,2524.11,2501.686667997767,2534.34,2523.5387327514363,0.9143464841438798,0.01785786241092445,1.3233436215637218,0.8915071225246746,0.8883658795469732,0.4261964554307558
2024-11-26,2534.34,2521.39,2534.5162794410962,2520.36,2515.593942741707,-0.5109811627485028,0.006955635040922559,-0.5516229077392909,-0.7396820181306876,0.5205969501384696,0.18910224167551978
2024-11-27,2520.36,2518.82,2531.49722397933,2503.06,2514.7517991533705,-0.061102382199362815,0.4418902053409042,-0.6864098779539529,-0.22251586466337062,0.503300115900697,0.4671002354466349
2024-11-28,2503.06,2499.69,2498.524355235255,2504.67,2495.3237429832084,-0.1346352065072276,-0.18120399689760897,0.06432127076458904,-0.3090719765723415,0.04663157290484575,0.37315323043721116
2024-12-03,2454.48,2472.06,2461.5936289044466,2500.1,2470.5916001481455,0.7162413219907959,0.2898222395149488,1.8586421563834277,0.6564160289815124,0.4233866126046016,1.1802887825228747
2024-12-04,2500.1,2450.76,2470.025858100627,2464.0,2439.3736189438014,-1.9735210591576235,-1.2029175592725443,-1.4439422423103032,-2.4289580839245875,0.7861176982089922,0.9994472831249441
2024-12-05,2464.0,2471.45,2475.0940345606773,2441.85,2468.6910671766746,0.30235389610389074,0.450244909118397,-0.8989448051948123,0.19038421983257503,0.14744520668747021,1.0992103190889957
2024-12-06,2441.85,2451.6,2440.515473079821,2428.16,2449.057365372832,0.39928742551753604,-0.054652289050486136,-0.5606404979830892,0.29516003738281327,0.4521343987672984,0.8606255507393317
2024-12-09,2428.16,2392.37,2412.117599328728,2360.58,2383.7497543579666,-1.4739555877701593,-0.6606813666015456,-2.7831773853452813,-1.8289670220262693,0.8254408527413415,0.9815280294659223
2024-12-10,2360.58,2384.51,2344.9464941227075,2417.84,2383.9979128522577,1.013733912851933,-0.6622739274793686,2.4256750459632936,0.9920406362952314,1.6591880880051983,1.3996826567408267
2024-12-11,2417.84,2412.15,2378.8514543003694,2442.51,2407.389995467723,-0.23533401713926594,-1.6125362182621927,1.0203321973331514,-0.43220413808511016,1.3804508716137354,1.4378653324767188
2024-12-12,2442.51,2456.63,2470.9468048908666,2482.12,2454.9544143967682,0.5780938460845597,1.1642451777420098,1.621692439334943,0.5094928740012559,0.5827823030275816,1.0944509372323517
2024-12-13,2482.12,2473.75,2482.4301351550594,2494.46,2468.752096108508,-0.337211738352694,0.01249476878874567,0.4971556572607394,-0.5385679939524204,0.3508897485622784,1.0305999651825306
2024-12-16,2494.46,2511.08,2501.2982833074175,2488.97,2509.9316862702394,0.6662764686545364,0.2741388239305207,-0.22008771437506125,0.6202419068752222,0.38954221659932975,0.8421831629244074
2024-12-17,2488.97,2487.31,2487.7730294203543,2456.81,2483.3736703320724,-0.06669425505329007,-0.048091000680817675,-1.2921007485023894,-0.22484520375606665,0.018615669954865292,1.0812260749537992
2024-12-18,2456.81,2463.06,2415.9329038035207,2484.43,2460.215616645269,0.2543949267546086,-1.6638281428551236,1.124222060313973,0.13861945552440952,1.9133555900578636,0.9746454259017429
2024-12-19,2484.43,2426.55,2405.136803910617,2435.93,2414.2867122593407,-2.329709430332094,-3.191605160515002,-1.9521580402748318,-2.8233151161698635,0.8824543524503221,0.8885020399050533
2024-12-20,2435.93,2429.63,2445.7959299986173,2404.15,2425.2842404829003,-0.2586281214977282,0.40501697497948475,-1.3046351906663922,-0.4370306009244834,0.6653659198568189,0.879073289224889
2024-12-23,2404.15,2423.36,2419.6261567090332,2442.01,2422.407825468663,0.7990350019757564,0.643726752034324,1.5747769481937457,0.7594295476015509,0.15407711982400007,0.8027065626814536
2024-12-24,2442.01,2450.55,2426.9895530538824,2440.52,2448.2042446286855,0.34971191764161524,-0.6150853987542222,-0.06101531115761949,0.25365353248698874,0.9614350633987363,0.3148609570372511
2024-12-30,2404.77,2397.49,2386.4400554357867,2399.49,2392.8556420301734,-0.3027316541706737,-0.7622327525797905,-0.21956361731060303,-0.49544688139933035,0.4608963776371577,0.2764903362725578
2025-01-02,2399.49,2400.87,2387.139442923907,2398.94,2397.474398082709,0.0575122213470447,-0.5147159219706219,-0.022921537493370003,-0.08400126348895112,0.5718992313658273,0.06109372961771548
2025-01-03,2398.94,2402.58,2401.4262523725165,2441.92,2399.50337671792,0.15173368237637597,0.1036396230216935,1.7916246342134512,0.023484402190982634,0.04802119502715523,1.7370193651749384
2025-01-06,2441.92,2453.3,2470.8993037894957,2488.64,2451.4101272266935,0.46602673306250786,1.186742554608495,1.9132485912724428,0.38863383021118997,0.7173726731135808,1.4959927017690948
2025-01-07,2488.64,2513.49,2531.7298162404113,2492.1,2513.6420015101103,0.9985373537353626,1.7314604056999623,0.1390317603188862,1.004645168048026,0.7256768970798185,0.8644116010637761
2025-01-08,2492.1,2481.25,2493.6364826868726,2521.05,2476.291648963849,-0.43537578748845673,0.06165413454004487,1.1616708799807585,-0.634338551268028,0.49920333246841586,1.7753852972432518
2025-01-09,2521.05,2526.1,2513.599444391133,2521.9,2523.4505760906413,0.20031336149619605,-0.29553382951019325,0.03371611035083433,0.09522128044429723,0.4948559284615321,0.061484439931846754
2025-01-14,2489.56,2501.49,2480.0154585092428,2497.4,2499.6890358614137,0.479201143977237,-0.38338266564200785,0.3149150853966276,0.40686048383703577,0.8584700115034248,0.0916567574843275
2025-01-15,2497.4,2511.07,2506.8722944832202,2496.81,2509.4760531431684,0.5473692640346028,0.3792862370153045,-0.023624569552338492,0.4835450125397665,0.16716800076381516,0.5072894270356368
2025-01-16,2496.81,2528.27,2525.1945137962566,2527.49,2528.923752925492,1.2600077699144174,1.1368311483956157,1.2287679078504032,1.2861912971148022,0.12164389894051533,0.0567263540307646
2025-01-17,2527.49,2520.85,2515.9957076449355,2523.55,2516.504770724965,-0.26271122734411456,-0.45477103193541796,-0.15588587887586103,-0.4346299797441303,0.19256569629547354,0.27917930197678376
2025-01-20,2523.55,2533.68,2521.4795040133054,2520.05,2531.5362898092526,0.40141863644467257,-0.08204695713160592,-0.13869350716252393,0.3164704408176016,0.48153263185147605,0.45579610758724676
2025-01-23,2547.06,2541.24,2558.4687142843554,2515.49,2536.9622464837976,-0.22849873972344836,0.4479169821031181,-1.2394682496682519,-0.3964474145172232,0.6779648629942724,0.8536009478788542
2025-01-24,2515.49,2529.29,2520.7466317750327,2536.8,2527.5170006638346,0.5486008690155808,0.20897048984623195,0.8471510520813297,0.478117609842806,0.3377773298027214,0.36593343330832667
2025-01-31,2536.8,2534.33,2543.2671196186,2517.37,2530.434590623441,-0.09736676127405364,0.25493218301010045,-0.7659255755282368,-0.25092279157045,0.35264230067119373,0.5189777674096892
2025-02-03,2517.37,2468.74,2504.071017641011,2453.95,2458.7141886400673,-1.9317780064114554,-0.5282887441650894,-2.5192959318654062,-2.330043313455426,1.4311356255017291,0.19414367204170663
2025-02-04,2453.95,2481.44,2444.842141415094,2481.69,2481.615477021599,1.1202347236088928,-0.3711509437806866,1.1304223802441005,1.1273855221825573,1.4748637317406883,0.0030029124669516205
2025-02-05,2481.69,2503.94,2485.951327475993,2509.27,2503.37022431739,0.8965664526995765,0.1717107082670677,1.1113394501327756,0.8736072723583508,0.7184146794255111,0.23511920529118818
2025-02-06,2509.27,2521.82,2524.884481647695,2536.75,2519.9376522988628,0.5001454606319733,0.6222718817702053,1.0951392237583013,0.425129710986179,0.1215186511208064,0.6627514615605495
2025-02-07,2536.75,2532.09,2538.0766525400927,2521.92,2527.8801606100515,-0.18369961564993487,0.05229733084036181,-0.5846062875726754,-0.34965366669749487,0.23643126982423862,0.23633424573544717
2025-02-10,2521.92,2510.64,2504.1435269916196,2521.27,2505.5114348797133,-0.44727826417968464,-0.7048785452504642,-0.025774013450075017,-0.6506378124717069,0.2587576477862312,0.6250248930216389
2025-02-11,2521.27,2532.87,2529.8625449952333,2539.05,2530.940594134362,0.46008559178509767,0.3408022542303497,0.7052001570637012,0.38356043320875044,0.11873704551621672,0.31938740338465604
2025-02-12,2539.05,2534.71,2541.8281728743004,2548.39,2530.6159823037174,-0.170930072271136,0.1094178087985811,0.3678541186664219,-0.3321721784243324,0.2808279004028232,0.6974606593293217
2025-02-13,2548.39,2558.95,2545.18020937154,2583.17,2556.934313448103,0.41437927475778125,-0.1259536659796915,1.3647832553102202,0.33528280397046123,0.5381031527954732,1.0156391779053369
2025-02-14,2583.17,2588.2,2599.0893088236885,2591.05,2585.49189261059,0.19472198887413583,0.616270273489103,0.305051545194468,0.0898853970350598,0.4207290326747809,0.21451177667007573
2025-02-17,2591.05,2595.99,2612.109348090646,2610.42,2593.2799739607194,0.19065629763994618,0.8127727404197447,0.7475733775882398,0.08606448971340244,0.6209325956820453,0.656600318695101
2025-02-20,2671.52,2661.72,2694.1795545186333,2654.06,2657.1310118613496,-0.3668323650955374,0.8481895893960484,-0.6535605198538685,-0.5386067908400524,1.2194954585243178,0.11570996365378661
2025-02-21,2654.06,2653.76,2678.743038571853,2654.58,2650.5026713963953,-0.011303436998399974,0.9300105714208851,0.01959262413058216,-0.13403346584495673,0.9414204212834931,0.15359599648926217
2025-02-24,2654.58,2636.12,2633.784503386792,2645.27,2630.3443477383726,-0.6954019091532371,-0.7833818010083596,-0.3507146139879014,-0.9129750190850292,0.08859599006144833,0.5642392746913328
2025-02-25,2645.27,2617.64,2635.295412807894,2630.29,2610.737562438064,-1.0445058538447904,-0.37707255562213776,-0.5662937998767603,-1.3054409403174667,0.6744782631643086,0.7433567234767319
2025-02-26,2630.29,2629.86,2638.271774217654,2641.09,2626.7778365619038,-0.016348007253941255,0.3034560530456545,0.41060111242487984,-0.13352761247224948,0.3198563504389608,0.5419036624309045
2025-02-27,2641.09,2637.63,2643.6545644504067,2621.75,2634.1916875360434,-0.13100651624897708,0.09710250125541742,-0.732273417414786,-0.26119187395948934,0.22840824719185837,0.4745565952529206
2025-02-28,2621.75,2585.61,2585.85930685322,2532.78,2577.845959773767,-1.378468580146841,-1.3689594029476546,-3.393534852674729,-1.674608190187211,0.009642090385629605,1.7793081031027855
2025-03-04,2532.78,2522.2,2507.1178030926753,2528.92,2517.5407019125064,-0.4177228184050863,-1.013202761681834,-0.15240170879429193,-0.601682660455862,0.5979778331347431,0.44996670861449467
2025-03-05,2528.92,2548.45,2532.902515894907,2558.13,2548.2460308754717,0.7722664220299436,0.1574789196537122,1.155038514464679,0.7642009583328645,0.6100760895875037,0.3863747786284688
2025-03-06,2558.13,2573.55,2587.0106244648123,2576.16,2572.767674292393,0.6027840649224236,1.1289740734369338,0.7048117179345725,0.5722021278196621,0.5230372234777679,0.1316814835882355
2025-03-07,2576.16,2553.44,2557.753045304946,2563.48,2547.012617628787,-0.8819327992050097,-0.7145113150989739,-0.49220545307744334,-1.1314274878583834,0.1689111670901283,0.6423838832841609
2025-03-10,2563.48,2555.4,2575.0928569771563,2570.39,2551.250797076508,-0.31519652971740975,0.45301141328024797,0.26955544806277487,-0.4770547429077512,0.7706369639647892,0.7446030728213099
2025-03-11,2570.39,2516.69,2534.393768980443,2537.6,2506.132551194725,-2.089177128762554,-1.4004190422292624,-1.2756819004119957,-2.499910472935049,0.7034544969957711,1.2400476357690386
2025-03-12,2537.6,2552.6,2543.428414928262,2574.82,2551.7540863758877,0.5911097099621676,0.22968217718562167,1.4667402269861407,0.5577745261620305,0.3593036539895718,0.895826256752412
2025-03-13,2574.82,2598.06,2598.626177012491,2573.64,2598.3531340641043,0.9025873653303762,0.9245763592208696,-0.045828446260332,0.9139720082997594,0.02179229934994391,0.960240517869805
2025-03-14,2573.64,2565.18,2571.9490726793824,2566.36,2561.3474562929814,-0.3287173031193191,-0.06570178115889136,-0.2828678447646005,-0.4776326023460299,0.2638829508799612,0.19531724726923433
2025-03-17,2566.36,2588.32,2585.0783940082515,2610.69,2588.2889843563567,0.8556866534702889,0.7293752243742716,1.7273492417275715,0.8544781073721895,0.1252397691069364,0.858049620737943
2025-03-18,2610.69,2627.27,2647.147504456202,2612.34,2626.658341758025,0.6350811471296902,1.396470069452977,0.06320168231388479,0.6116521593151486,0.7565839999772438,0.5481040660107364
2025-03-19,2612.34,2613.48,2611.4188889027996,2628.62,2610.8451396811824,0.0436390362663408,-0.03526000050532274,0.6231960617683718,-0.057223038303500166,0.0788646210110814,0.6762050170362185
2025-03-20,2628.62,2648.16,2615.9292202996576,2637.1,2647.886621125956,0.7433558292944564,-0.4827924804780521,0.3226027345146987,0.7329557382183878,1.2171009191416788,0.4090334506069591
2025-03-21,2637.1,2633.9,2622.842940343001,2643.13,2630.725825900802,-0.1213454173144668,-0.5406340167987245,0.22866027075196804,-0.24171150503196145,0.41979800512544785,0.4692986761603824
2025-03-24,2643.13,2636.43,2626.2191066548753,2632.07,2632.861771156011,-0.253487342658143,-0.6398055844822254,-0.4184432850446229,-0.3884874691743929,0.38729999829786993,0.0300816906849279
2025-03-25,2632.07,2653.04,2651.407825145114,2615.81,2652.9070879511264,0.7967113336651233,0.7347002604457376,-0.6177647251022989,0.7916616180848592,0.06152092900543382,1.4181874047093048
2025-03-26,2615.81,2628.09,2623.5397862504033,2643.94,2626.71734058076,0.4694530566057953,0.29550258812386776,1.0753839154984624,0.416977554973777,0.1731376684054533,0.6514012957646635
2025-03-27,2643.94,2620.28,2619.5265778300068,2607.15,2614.653703067795,-0.8948765857016316,-0.9233727758569902,-1.3914839217228803,-1.1076763062779516,0.028753498480827533,0.2878124798264372
2025-03-28,2607.15,2592.63,2613.3269024399237,2557.98,2588.0825983006794,-0.556929981013754,0.23692163626656104,-1.88596743570566,-0.7313503902468571,0.7982975758177462,1.1768113238054771
2025-03-31,2557.98,2513.44,2533.2747721444734,2481.12,2505.0060885484972,-1.741217679575291,-0.9658100475971788,-3.0047146576595685,-2.0709275073105626,0.7891484238523057,0.9627139577488133
2025-04-01,2481.12,2511.24,2473.2145181243295,2521.39,2512.455093290476,1.213967885471079,-0.3186255350676378,1.6230573289482075,1.2629414655670084,1.5142113806593662,0.3543643271974608
2025-04-02,2521.39,2525.62,2512.838819016423,2505.86,2523.3232299694337,0.1677646060308069,-0.3391455103564692,-0.6159301020468799,0.07667318302340068,0.5060611249347522,0.6968956753144047
2025-04-03,2505.86,2437.43,2518.6401373044478,2486.7,2425.1264024695683,-2.7307990071273047,0.510010028670701,-0.7646077594119505,-3.2217920207206983,3.3317936229737035,2.4761168428210674
2025-04-04,2486.7,2450.49,2408.892459997047,2465.42,2444.2552906271985,-1.4561467004463813,-3.1289476013573365,-0.8557526038524887,-1.7068689175534375,1.6975192717763747,0.8584626300103655
2025-04-07,2465.42,2359.25,2405.6105349662726,2328.2,2346.8708951074705,-4.306365649666189,-2.425934122126365,-5.565785951278091,-4.808475022208372,1.9650539352028211,0.8019454989893756
2025-04-08,2328.2,2381.2,2352.819152909799,2334.23,2384.5176482600427,2.276436732239495,1.0574329056695844,0.25899836783782604,2.4189351541982305,1.1918716231396298,2.15435703679769
2025-04-09,2334.23,2329.99,2269.9217250125816,2293.7,2327.034499476045,-0.18164448233465302,-2.7550102169631163,-1.7363327521281224,-0.3082601339180435,2.5780486176944164,1.4533068612305462
2025-04-10,2293.7,2395.13,2431.322,2445.06,2401.4101315904363,4.422112743602047,6.0,6.598944936129403,4.695911914829163,1.511066205174667,1.7852268823490478
2025-04-11,2445.06,2400.74,2388.721357209044,2432.72,2392.4993147993673,-1.812634454778217,-2.304182424601268,-0.504691091425169,-2.1496685234976938,0.5006224243756388,1.6533215988947552
2025-04-14,2432.72,2454.28,2483.2366629959097,2455.89,2454.0827004668463,0.8862507810188047,2.0765506509548874,0.9524318458351111,0.8781405368002151,1.1798434977227326,0.07359041052952625
2025-04-15,2455.89,2464.51,2479.4659811288043,2477.41,2462.8642417243823,0.3509929190639749,0.9599770807652064,0.8762607445773174,0.28398021590471323,0.6068541466175453,0.5871356891115146
2025-04-16,2477.41,2472.78,2467.8780271169317,2447.43,2469.684842182752,-0.18688872653294109,-0.3847555666227247,-1.2101347778526783,-0.3118239539376916,0.19823732329881905,0.9093147580422046
2025-04-17,2447.43,2451.7,2421.8632215643806,2470.41,2449.5610725182896,0.17446872842123984,-1.044637780676843,0.9389441168899726,0.08707389050104122,1.2169832538899206,0.8439460446529214
2025-04-18,2470.41,2473.3,2461.2224864626905,2483.42,2471.0484638565695,0.11698463008165128,-0.37190237803884174,0.5266332309211919,0.025844449163067176,0.488315753742354,0.4981652778599916
2025-04-21,2483.42,2486.38,2486.8723044076755,2488.42,2484.162353561978,0.1191904712050329,0.13901411793717044,0.20133525541390362,0.029892388801637138,0.019800046962870497,0.17109838524132664
2025-04-22,2488.42,2481.18,2491.3781331454975,2486.64,2477.8178234269094,-0.29094766960562346,0.1188759592632127,-0.07153133313508864,-0.4260605755093744,0.41101948046887565,0.35478302340067214
2025-04-23,2486.64,2520.56,2499.7287008335547,2525.56,2521.862028213755,1.3640896953318604,0.5263609060239858,1.5651642376862007,1.4164506407744895,0.8264551991004065,0.14642185441031036
2025-04-24,2525.56,2525.34,2528.524445107785,2522.33,2522.772766046314,-0.008710939356015857,0.11737773435535581,-0.12789242781798826,-0.11036102700731724,0.1260996581761266,0.01755385085670248
2025-04-25,2522.33,2544.59,2543.695254983711,2546.3,2544.5712982671157,0.8825173549852794,0.847044398778561,0.9503118148695977,0.8817759082719495,0.0351626398079497,0.06789073294130597
2025-04-28,2546.3,2551.23,2535.154088723494,2548.86,2549.2299929979486,0.19361426383379676,-0.43772969707049003,0.10053803558103258,0.11506864854685125,0.6301239510552106,0.014516018845618414
2025-04-29,2548.86,2550.25,2537.5876498936477,2565.42,2547.8444209292993,0.05453418390966025,-0.4422506574057523,0.6497022198159064,-0.03984444303338614,0.49651407141857773,0.6850955816474794
2025-04-30,2565.42,2561.04,2566.9851435268524,2556.61,2558.018324848324,-0.17073227775569189,0.06100925099407867,-0.34341355411589003,-0.2885170908340896,0.23213786301082615,0.05508563481813418
2025-05-02,2556.61,2556.52,2551.425225460626,2559.79,2553.9891013784422,-0.0035202866295658275,-0.202798805424929,0.12438346091112606,-0.10251460416558092,0.19928553421737974,0.22661619201410022
2025-05-07,2559.79,2577.04,2553.45512002235,2573.8,2576.490400787018,0.6738834044980324,-0.2474765499376983,0.5473105215662244,0.6524129239905708,0.9151926232285864,0.10453029711003212
2025-05-08,2573.8,2581.27,2550.1731065998097,2579.48,2579.5879602616073,0.2902323412852459,-0.9179770533914993,0.22068536793844462,0.22487995421583173,1.2047129281396487,0.0041853498227290625
2025-05-09,2579.48,2587.93,2541.9626975421406,2577.27,2586.3529041348297,0.32758540481026,-1.4544521553902166,-0.08567618279653466,0.26644533529354486,1.7762189262406327,0.3524234610587844
2025-05-12,2577.27,2593.94,2583.548668084333,2607.33,2593.262146587008,0.6468084445944822,0.24361700886337606,1.1663504405824643,0.6205072261349345,0.40060031903849935,0.5395501686779965
2025-05-13,2607.33,2601.76,2653.440701843448,2608.42,2598.5774372391847,-0.21362850118702426,1.7685027151702466,0.04180521836514295,-0.3356906398812291,1.9863746788115688,0.37733811122500693
2025-05-14,2608.42,2625.36,2604.1156322306756,2640.57,2624.7667352272356,0.6494352903290146,-0.16501820141404877,1.232546905789711,0.6266910707338311,0.8091982725921216,0.5984792969989274
2025-05-15,2640.57,2634.5,2638.2644647874818,2621.36,2631.298727339814,-0.22987461040608892,-0.08731202780150987,-0.7274944424877972,-0.3511087628877989,0.142891052855637,0.37914393062432455
2025-05-16,2621.36,2630.64,2642.232929582523,2626.87,2629.1958996987255,0.35401470992155737,0.7962633740700649,0.2101962340159247,0.2989249740106454,0.4406885618147327,0.08854262672783987
2025-05-19,2626.87,2613.7,2626.319675287767,2603.42,2609.652064639415,-0.5013571284456453,-0.020949826684720785,-0.8926973927145143,-0.655454413830324,0.48282799432862317,0.23937991716338727
2025-05-20,2603.42,2622.68,2615.6824522881593,2601.8,2622.388589769442,0.7397961143418952,0.47101321677482033,-0.0622258413932375,0.7286027521276616,0.2668090545488022,0.7913209996710748
2025-05-21,2601.8,2615.9,2592.219332229683,2625.58,2614.9247771928594,0.5419325082635096,-0.3682322918870446,0.9139826274117802,0.5044498882642494,0.9052589078449897,0.40582358210911457
2025-05-22,2625.58,2614.66,2626.397594954005,2593.67,2610.8347041730563,-0.4159081041141377,0.031139594070829113,-1.2153505130295006,-0.5616014681306175,0.44891477109854017,0.6617921390560935
2025-05-23,2593.67,2603.57,2597.8290792510998,2592.09,2602.1221947869335,0.38169851985796477,0.16035498930470315,-0.06091754155308493,0.3258778019922928,0.22050187814809694,0.38703111338469576
2025-05-26,2592.09,2598.45,2595.623741050512,2644.4,2596.561535770015,0.2453618508616362,0.13632786865085966,2.0180626444297856,0.17250696426491213,0.10876710921849429,1.8090479590827868
2025-05-29,2670.15,2691.06,2690.031455619101,2720.64,2691.043899643874,0.7831020729172522,0.7445819755107639,1.8909050053367737,0.7824990971995455,0.03822078961074421,1.0878359634544095
2025-05-30,2720.64,2713.24,2732.319895039741,2697.67,2709.925945572118,-0.2719948247471238,0.42930689248636567,-0.8442866384380077,-0.3938063995193046,0.7032144240738428,0.4543159679322519
2025-06-02,2697.67,2692.91,2692.9577363571066,2698.97,2689.8929217337745,-0.17644856487265548,-0.1746790245987646,0.048189734103853965,-0.28828871827263947,0.0017726681213525303,0.3363163824060761
2025-06-04,2698.97,2737.92,2687.304733544537,2770.84,2740.1912778854185,1.4431431249699145,-0.43221178655053216,2.6628676865619205,1.527296631137757,1.8486758727597197,1.1061166330275904
2025-06-05,2770.84,2790.33,2790.170994861623,2812.05,2790.3928461005708,0.7033968038573146,0.6976582863544183,1.4872746170836226,0.7056649283455856,0.0056984348939684406,0.7701553635045405
2025-06-09,2812.05,2841.56,2823.9177680859393,2855.77,2842.972095536703,1.0494123504205088,0.42203261271809367,1.5547376469123853,1.0996282262656272,0.6208643109440107,0.4481419884408434
2025-06-10,2855.77,2872.62,2859.218386574836,2871.85,2872.429417448016,0.5900335111020727,0.1207515512396371,0.5630705554018789,0.5833599151197676,0.46652928076681777,0.020175755976673638
2025-06-11,2871.85,2887.32,2867.3054569768105,2907.04,2886.9338754492865,0.5386771593223871,-0.15824444254363113,1.2253425492278591,0.5252320089589126,0.693187558815428,0.6916356345531366
2025-06-12,2907.04,2909.99,2899.862726732942,2920.03,2908.0012340623944,0.1014777918432408,-0.24689282799886048,0.44684627662503473,0.03306573223603347,0.3480174594090604,0.4119398067008161
2025-06-13,2920.03,2930.57,2941.826677308635,2894.62,2929.603921015156,0.3609551956657908,0.7464538826188394,-0.870196539076662,0.32787063883439294,0.3841122139595731,1.2085842361054744
2025-06-16,2894.62,2903.5,2884.4868255853,2946.66,2902.2293714171205,0.3067760189593205,-0.3500692462119517,1.7978180210183048,0.2628798051944748,0.6548363841811672,1.5078301732429025
2025-06-17,2946.66,2959.93,2939.630743124317,2950.3,2959.329779183505,0.4503403853854948,-0.23854998118828608,0.12352969124365121,0.4299708545778971,0.6858019235482818,0.3060630845508801
2025-06-18,2950.3,2933.63,2932.130910726105,2972.19,2929.069872491715,-0.5650272853608085,-0.6158387036537054,0.7419584449039007,-0.7195921604001279,0.05110014807235921,1.4507863732898938
2025-06-19,2972.19,2989.56,2961.6380329940475,2977.74,2989.5130261064546,0.5844175506949378,-0.35502329951828726,0.1867309963360153,0.5828371034979161,0.933982492606016,0.39536783286837796
2025-06-24,3014.47,3061.14,3037.1763822352777,3103.64,3064.766280612421,1.5481991859265465,0.7532462500963062,2.9580655969374314,1.6684949796289636,0.7828331198416973,1.2525202467934122
2025-06-25,3103.64,3127.79,3153.1815160047076,3108.25,3128.8455778865177,0.7781185962289383,1.5962391258234838,0.14853526826565933,0.8121295603394055,0.8118037337771297,0.6626100824102865
2025-06-26,3108.25,3108.34,3140.933877739432,3079.56,3106.19474211668,0.0028955199871338877,1.051520236127475,-0.9230274270087713,-0.06612266977624068,1.0485943538812266,0.8648879098533614
2025-06-27,3079.56,3077.87,3079.71789771677,3055.94,3075.4398349113594,-0.05487796958006941,0.005127281714594201,-0.7669926872670096,-0.13379070674513513,0.0600381990392755,0.6380961311858007
2025-06-30,3055.94,3072.75,3032.828253016699,3071.7,3072.680948797255,0.5500762449524466,-0.756289291782602,0.51571693161514,0.5478166717034759,1.299218842512443,0.03193504565078697
2025-07-01,3071.7,3089.64,3067.735338328216,3089.65,3089.702368876936,0.5840414102939784,-0.1290706016793125,0.5843669629195691,0.5860718454580949,0.7089713258432615,0.0016949776491128746
2025-07-02,3089.65,3083.82,3090.300185310087,3075.06,3080.7868274074203,-0.18869451232339518,0.021043979417949957,-0.4722217726927047,-0.286866557460538,0.21013500496418902,0.18623465582526477
2025-07-03,3075.06,3100.33,3083.448594469492,3116.27,3101.329256679209,0.8217725832991851,0.2727944973266193,1.3401364526220538,0.8542681014096873,0.5445035054496744,0.47944315867338744
2025-07-04,3116.27,3122.28,3118.1399453741683,3054.28,3120.7922991768014,0.1928587702606066,0.06000588441207588,-1.989237132854338,0.14511897803469198,0.13259716059520313,2.1776752353026314
2025-07-09,3114.95,3123.22,3158.2414690080495,3133.74,3122.020659042633,0.2654938281513308,1.389796594104227,0.6032199553764883,0.22699109271844858,1.1213257153850749,0.37397298299689724
2025-07-10,3133.74,3144.14,3150.357386930447,3183.23,3143.2400511700066,0.3318718208913385,0.5302733133714722,1.579263116914631,0.3031537769568299,0.1977452317787055,1.2562695384874298
2025-07-11,3183.23,3186.35,3185.245227529033,3175.77,3184.566887907874,0.09801365279920038,0.06330763184040167,-0.23435315701347825,0.04199784206210541,0.034672037628225516,0.27700015769007047
2025-07-14,3175.77,3175.59,3178.428274352978,3202.03,3173.3507380788164,-0.005667916757190472,0.08370487639147722,0.8268860780220377,-0.07617875101734063,0.0893778590113272,0.8956587515164989
2025-07-15,3202.03,3194.82,3197.808522671944,3215.28,3191.7126544375565,-0.2251696579982032,-0.13183753206734883,0.4137999956277838,-0.32221264517957504,0.09354275583425305,0.7329795713730602
2025-07-16,3215.28,3207.48,3213.540044393998,3186.38,3204.3604354552945,-0.24259162499067344,-0.05411521254765471,-0.898833072080818,-0.3396147316782985,0.18893475232886695,0.5642903688604107
2025-07-17,3186.38,3201.42,3199.312056406461,3192.29,3201.2772371243286,0.47200898825625615,0.40585417955364234,0.1854769362097386,0.46752857864813924,0.06584401901465438,0.2815294702025398
2025-07-18,3192.29,3200.44,3188.9494208020747,3188.07,3199.3579458896843,0.25530261974946455,-0.10464522953508504,-0.13219350372302152,0.22140676096732725,0.35903123314061186,0.3540683200081593
2025-07-21,3188.07,3191.11,3172.967104616322,3210.81,3189.328470005667,0.09535549721304548,-0.4737316114037091,0.7132842127054895,0.03947435299935366,0.5685449697339804,0.6690377192774708
2025-07-22,3210.81,3210.12,3228.893752520323,3169.94,3207.8905971680333,-0.02148990441664944,0.5632146567477643,-1.2728875268234408,-0.09092418523571147,0.5848302406241165,1.1972023813710435
2025-07-23,3169.94,3189.65,3184.5179903159105,3183.77,3190.0376100265485,0.6217783301892155,0.45988221593817613,0.43628586030020067,0.6340060072603307,0.16089569965637462,0.19686126907874887
2025-07-24,3183.77,3209.43,3188.896376160308,3190.45,3210.5674840751394,0.8059627422835058,0.16101590756580164,0.20981415114784685,0.8416903254675968,0.6397903627650923,0.630553184508129
2025-07-25,3190.45,3184.37,3185.757943058516,3196.05,3181.2911558576116,-0.19056872854926743,-0.14706567855581837,0.17552382892696006,-0.2870706057887838,0.043586111491948396,0.46178389394373126
2025-07-28,3196.05,3228.61,3183.93925210181,3209.52,3230.5656911936194,1.018757528824632,-0.37892861182367077,0.4214577368939709,1.0799484111205813,1.3835907061611732,0.6557270617917759
2025-07-29,3209.52,3192.17,3181.208118397918,3230.57,3187.659201341781,-0.5405792766519535,-0.882121987153283,0.6558613125950297,-0.681123615313789,0.3433990546268535,1.3282732972267721
2025-07-30,3230.57,3233.31,3233.677994841551,3254.47,3231.44951464958,0.08481475405268668,0.096205773023057,0.7398075262260217,0.027224751346669532,0.011381365892880075,0.7073497482053814
2025-07-31,3254.47,3275.78,3257.436415088705,3245.44,3276.255008205339,0.6547917172381457,0.0911489455642649,-0.2774645333955994,0.6693872798132628,0.5599760945880138,0.9494863009434445
2025-08-01,3245.44,3210.32,3230.1492340676814,3119.41,3203.83708750406,-1.0821337014395582,-0.4711461599141773,-3.883294715046348,-1.2818882030153156,0.617671573789567,2.7065082020016664
2025-08-04,3119.41,3114.27,3115.6224093077294,3147.75,3111.1965938065528,-0.16477474907113931,-0.12142009842471291,0.9085051339836836,-0.2632999892110066,0.04342620606849859,1.1612550613437296
2025-08-05,3147.75,3187.15,3149.7841083642925,3198.0,3190.051889614572,1.2516877134461257,0.06462102658383229,1.5963783654991737,1.3438770427947466,1.172392000241834,0.24853378315910596
2025-08-06,3198.0,3182.06,3208.8878632541005,3198.14,3177.605034065342,-0.49843652282677287,0.340458513261435,0.004377736085059425,-0.6377412737541597,0.8430973411595168,0.6420909007941483
2025-08-07,3198.14,3214.81,3212.630645411732,3227.68,3214.7372516487744,0.5212404710237761,0.45309603118475,0.9236618784668638,0.5189657628738639,0.06779108526687021,0.4009923025586619
2025-08-08,3227.68,3220.58,3223.148908206327,3210.01,3217.378816806267,-0.21997224012293426,-0.14038231155729933,-0.5474520398552452,-0.31915131592143137,0.07976539028147883,0.22955744082625132
2025-08-11,3210.01,3220.72,3223.6250703679116,3206.77,3219.8742692069277,0.33364382042422314,0.4241441730060478,-0.10093426500229485,0.30729714882282616,0.09019940783153382,0.4086438755173496
2025-08-12,3206.77,3209.75,3197.2546687817585,3189.91,3207.846816820935,0.09292839835721711,-0.2967263389092947,-0.5257626833230944,0.03357948405826677,0.3892929735412888,0.5622985231851461
2025-08-13,3189.91,3225.4,3219.4876817052623,3224.37,3227.770258128121,1.1125705740914427,0.9272262134437108,1.0802812618537772,1.186875433103779,0.1833049635622811,0.10545496106591662
2025-08-14,3224.37,3226.52,3236.3016342337273,3225.66,3224.440099749844,0.06667969246705319,0.3700454424811003,0.04000781548023635,0.0021740603542539927,0.30316360145690546,0.037818624720387786
2025-08-18,3225.66,3202.63,3219.6040706853582,3177.28,3197.22698516558,-0.7139624138935874,-0.1877423322557683,-1.4998480931034175,-0.8814634783089308,0.5300041117880657,0.6278006711898201
2025-08-19,3177.28,3185.04,3182.914905699988,3151.56,3183.6970885437063,0.24423406183904373,0.17734998803972107,-0.8094974317655379,0.20196798971780514,0.06672111810249869,1.0197200289287318
2025-08-20,3151.56,3121.52,3122.82077330429,3130.09,3115.066751344098,-0.95317874322558,-0.9119047930456669,-0.6812499206741984,-1.1579423731708045,0.041671150730734796,0.47996219456635686
2025-08-21,3130.09,3140.71,3121.7613127233108,3141.74,3139.725787204429,0.3392873687338094,-0.26608459426692144,0.37219377078612226,0.307843774601638,0.6033249576270738,0.06411137763057999
2025-08-22,3141.74,3165.41,3131.2980761079875,3168.73,3166.140130486443,0.7534041645712364,-0.3323611722170692,0.8590780904848883,0.7766438497916061,1.0776463046497082,0.08173209814521923
2025-08-25,3168.73,3195.14,3212.410717460922,3209.86,3196.2214813838345,0.8334569370062939,1.3784928807731238,1.297996358162412,0.8675867424436513,0.5405308518851206,0.42489450057527695
2025-08-26,3209.86,3199.92,3199.20453197314,3179.36,3196.196753176866,-0.30967082676502944,-0.3319605224794776,-0.9501972048625129,-0.4256648833012707,0.022358934812744705,0.5295642260349832
2025-08-27,3179.36,3185.87,3176.061187410794,3187.16,3184.3185755693676,0.2047581903276141,-0.10375712688107463,0.24533239394091133,0.15596143781663468,0.3078848976639317,0.08915223680744887
2025-08-28,3187.16,3175.33,3180.9724803997588,3196.32,3171.3241743255267,-0.37117684709898624,-0.19413897012516967,0.28740320536151387,-0.4968632159814115,0.17769744876150903,0.7820188740324344
2025-08-29,3196.32,3208.8,3222.6811296726946,3186.01,3208.091499259495,0.39044901636882123,0.8247337460796994,-0.3225584422085426,0.3682828771679512,0.4325956641951646,0.6930768974201162
2025-09-01,3186.01,3164.58,3170.9341004175412,3142.93,3159.3517231352857,-0.6726281461765793,-0.47319059207156045,-1.3521614809746452,-0.8367292276142964,0.20078811145685377,0.5224972600498866
2025-09-04,3184.42,3188.84,3209.8441401032687,3200.83,3187.043004863458,0.13880078632844128,0.7983915470719469,0.515321471413932,0.08236994063150511,0.6586765125647126,0.4307318769363546
2025-09-05,3200.83,3208.83,3209.434217826116,3205.12,3207.534343775123,0.2499351730644861,0.2688120839318533,0.13402773655581957,0.20945641521489838,0.01882984845304762,0.07532771862280174
2025-09-08,3205.12,3209.81,3219.25868135812,3219.59,3208.061744748854,0.14632837460064607,0.4411279876610023,0.4514651557508076,0.09178267112787825,0.29436886788065997,0.3580659416617091
2025-09-09,3219.59,3231.31,3233.6804626580074,3260.05,3230.5212395472154,0.36402150584391446,0.4376477333451544,1.2566817514031214,0.3395227201977664,0.07335918429390727,0.9057763056635575
2025-09-10,3260.05,3272.2,3265.3611739375892,3314.53,3271.5194248179323,0.37269367034247214,0.16291694721213035,1.6711400131899756,0.35181745120265295,0.20899780155279596,1.2976372270598815
2025-09-11,3314.53,3336.6,3340.6841151171607,3344.2,3337.348612209548,0.6658560942275349,0.7890746234657884,0.8951495385469244,0.6884418668573622,0.12240349808669794,0.20487374530386965
2025-09-12,3344.2,3374.65,3382.2457529788244,3395.54,3376.5478275119713,0.9105316667663566,1.1376638053592605,1.5351952634411914,0.9672814877092123,0.2250826894292532,0.5593270139073225
2025-09-15,3395.54,3407.78,3405.2560282966006,3407.31,3407.2162883046813,0.3604728555693715,0.2861408876526336,0.3466311691218582,0.3438713225195921,0.07406498375480924,0.0027503131596094492
2025-09-16,3407.31,3421.13,3424.873019543921,3449.62,3420.7772614632204,0.405598551349895,0.5154511783172366,1.2417420193642448,0.3952461461745584,0.10940886619102566,0.8361135005241015
2025-09-17,3449.62,3433.83,3472.84111620093,3413.4,3429.4052741728065,-0.45773157623157923,0.6731499759663511,-1.0499707214127851,-0.5859986267239146,1.1360817571321309,0.4688953586689625
2025-09-18,3413.4,3432.77,3428.9694870485864,3461.3,3433.2421376359644,0.5674693853635615,0.4561284071185936,1.4032929044354603,0.5813012725131639,0.1107127174676301,0.8106163107513312
2025-09-19,3461.3,3461.23,3486.494927813238,3445.24,3459.006342896545,-0.0020223615404657558,0.727903614631432,-0.46398751914021874,-0.06626577018620239,0.7299407382126598,0.3995757304729195
2025-09-22,3445.24,3463.84,3441.3825003878887,3468.65,3464.241271632531,0.5398753062196171,-0.11196606367367368,0.6794882214301579,0.5515224376975643,0.6483411361988834,0.12710213966439218
2025-09-23,3468.65,3489.46,3478.98111653673,3486.19,3490.1735163612043,0.5999452236460812,0.29784257670074155,0.5056722355959886,0.6205156577113247,0.3003010054068536,0.11426561263741326
2025-09-24,3486.19,3492.03,3493.7191217308537,3472.14,3490.5959581252814,0.16751812150226364,0.21596991933467846,-0.4030187683402242,0.12638318982273883,0.0483707680304424,0.5315441809743139
2025-09-25,3472.14,3458.98,3442.9166669590463,3471.11,3454.8183757568377,-0.37901697512197075,-0.8416519218969644,-0.029664702460141523,-0.49887459155339764,0.4643950829710982,0.4693491201132335
2025-09-26,3471.11,3440.39,3441.597664642991,3386.05,3433.809352670848,-0.885019489442862,-0.8502276031877256,-2.450512948307604,-1.0746028598676463,0.03510255066986443,1.410473934845849
2025-09-29,3386.05,3414.43,3400.623298973999,3431.21,3416.2459653368633,0.8381447409222975,0.43039231476201745,1.3337074171970276,0.8917755300973959,0.404363276623056,0.4361153838773136
2025-09-30,3431.21,3436.0,3430.1931759934746,3424.6,3434.3765155136884,0.13960089880828974,-0.029634560593068793,-0.19264341150789788,0.0922856809606003,0.1689995345321712,0.28547904904772925
2025-10-01,3424.6,3444.06,3441.684105199475,3455.83,3444.5776271394047,0.5682415464579815,0.4988642527441258,0.9119313204461799,0.5833565128600258,0.06898529063154381,0.32560550896876256
2025-10-02,3455.83,3525.48,3483.1160890731308,3549.21,3533.4275730844215,2.0154347870120937,0.7895668789590551,2.7021005084162164,2.245410598450213,1.201649447078675,0.4446743617756776
2025-10-10,3549.21,3598.11,3499.692554184126,3610.6,3603.1085669772606,1.377771391380067,-1.3951681026446472,1.7296806895055417,1.518607435943778,2.735253947652353,0.20748443534978478
2025-10-13,3610.6,3550.08,3501.899138108829,3584.55,3538.473351087031,-1.6761757048689985,-3.0106038301437663,-0.7214867335068931,-1.9976360968528546,1.357176792950326,1.2854235235376594
2025-10-14,3584.55,3604.12,3632.719141846067,3561.81,3604.6787739068423,0.5459541643999755,1.3437988546977095,-0.6343892538812512,0.5615425620187341,0.7935124758905682,1.2035671163493367
2025-10-15,3561.81,3580.64,3587.2415770160546,3657.28,3580.981342418322,0.5286637973390018,0.7140071204262672,2.6803787961738657,0.5382471950587557,0.18436863287163083,2.0862131852545627
2025-10-16,3657.28,3675.82,3660.0882780333445,3748.37,3676.2834094592913,0.5069341149706919,0.07678597300026802,2.4906487881704242,0.5196049922152726,0.4279785725812374,1.9231450081157568
2025-10-17,3748.37,3732.76,3803.4677967509388,3748.89,3728.3347458000803,-0.41644768259269105,1.4699135024274166,0.013872696665484519,-0.5345057771756593,1.8942497441822816,0.5483024095110698
2025-10-20,3748.89,3775.4,3799.0576419992453,3814.69,3777.216928416546,0.7071426475570242,1.3381998938151263,1.7551862017823883,0.7556084178662572,0.6266261058230981,0.9823359587136551
2025-10-21,3814.69,3851.01,3837.0087911410355,3823.84,3854.382716819218,0.9521088214245577,0.5850748328444808,0.23986221685117215,1.0405227376069413,0.3635723838412435,0.7987446341692575
2025-10-22,3823.84,3827.23,3799.280756605643,3883.68,3825.6351527904294,0.08865433700153691,-0.6422665015889073,1.5649190342692076,0.046946336416498924,0.7302734195320617,1.494583673463582
2025-10-23,3883.68,3835.79,3842.554762168397,3845.56,3826.8066334826326,-1.2331088040209215,-1.058924469359034,-0.9815432785399425,-1.464419481454894,0.17635903342979747,0.48766282459166777
2025-10-24,3845.56,3893.23,3890.0834878571286,3941.59,3898.167053284366,1.2396113959995514,1.1577894469759615,2.4971655623628353,1.3679946037603274,0.08082009392898482,1.1016606677922927
2025-10-27,3941.59,3999.79,3950.554545664724,4042.83,4006.5334626997183,1.4765614891452339,0.22743475766694288,2.5685066178877003,1.6476463229234402,1.2309509833085184,0.897800236474986
2025-10-28,4042.83,4010.47,4074.2531840245106,4010.41,4003.6608686866093,-0.800429402176206,0.7772571200003711,-0.8019135110801101,-0.9688542756779466,1.5904166849399393,0.16829030730998912
2025-10-29,4010.41,4061.54,4058.4971422892254,4081.15,4067.479095268679,1.2749319894973299,1.199058008762824,1.7639094257195786,1.4230239618562441,0.0749188167733069,0.3349767769212383
2025-10-30,4081.15,4105.95,4108.314020661847,4086.89,4107.910651425258,0.6076718571971007,0.6655972130856906,0.14064663146415857,0.6557134980399644,0.057575485864354466,0.514343459825397
2025-10-31,4086.89,4083.25,4074.6415013951923,4107.5,4080.803880664913,-0.08906527946678233,-0.2997021844191462,0.504295442255609,-0.14891810973838468,0.21082467653970893,0.6499359545973739
2025-11-03,4107.5,4123.36,4120.49827434535,4221.87,4123.935079969805,0.3861229458307802,0.3164522056080341,2.7844187461959713,0.4001236754669514,0.06940276024042263,2.3197047760872533
2025-11-04,4221.87,4219.24,4280.879228448497,4121.74,4217.160500829124,-0.062294670371187966,1.397703587474197,-2.371697849531129,-0.1115500754612284,1.4609083258714202,2.3150538566024217
2025-11-05,4121.74,4055.47,4098.117824119196,4004.42,4043.296088466753,-1.607816116494487,-0.5731117411773714,-2.846370707516721,-1.9031746673309433,1.0516123684602716,0.9708294451319571
2025-11-06,4004.42,4092.46,4015.3104689301917,4026.45,4104.763363467514,2.198570579509651,0.2719612061220327,0.5501420929872491,2.505815160935031,1.885162740009879,1.9449729530359037
2025-11-07,4026.45,3963.72,3950.6911486079043,3953.76,3952.436867897437,-1.5579480683977187,-1.881529669860439,-1.8053123719405373,-1.838173381081669,0.3287026175435065,0.03346515981150221
2025-11-10,3953.76,3991.87,3903.8848734257854,4073.24,3995.5027337823767,0.9638925984379432,-1.2614606494631633,3.0219335518594903,1.0557730813801682,2.2041080138936016,1.9084872538230764
2025-11-11,4073.24,4124.3,4089.688182213499,4106.39,4130.214502863884,1.25354754446092,0.40381077995648784,0.8138484351523756,1.398751432861405,0.8392167831268573,0.5801812020749109
2025-11-12,4106.39,4097.44,4130.422632336709,4150.39,4094.138220047848,-0.21795299520992462,0.585249631347933,1.071500758573829,-0.2983588980138808,0.8049570545684547,1.3553372081214643
2025-11-13,4150.39,4127.57,4139.288626694255,4170.63,4122.327702577855,-0.5498278475035034,-0.2674778347515644,0.4876650146130812,-0.6761363973541035,0.2839110346827641,1.15815350251988
2025-11-14,4170.63,4061.91,4114.791762470858,4011.57,4044.258740879026,-2.60680041144864,-1.3388441921038865,-3.813812301738584,-3.0300280562163078,1.3018939974262878,0.8148615349856981
2025-11-17,4011.57,4078.57,4067.113338040963,4089.25,4087.090362078828,1.670169036063185,1.3845785575463618,1.936398965990871,1.8825637363632681,0.2808989905539765,0.05281256761440135
2025-11-18,4089.25,4044.47,4022.4459060593963,3953.62,4035.788491573232,-1.095066332457062,-1.6336514994339721,-3.3167451244115687,-1.3073670826378405,0.5445483324293049,2.0783102972271523
2025-11-19,3953.62,3966.64,3957.9830693570066,3929.51,3966.7967572850803,0.3293184473975641,0.11035631540226076,-0.6098208730226928,0.33328335260040176,0.2182434161656541,0.9488907595369411
2025-11-20,3929.51,4030.97,3898.3426338685977,4004.85,4045.299958069146,2.582001318230498,-0.7931616443628484,1.9172873971563753,2.9466767629843527,3.2902097046468257,1.0100242972682199
2025-11-21,4004.85,3908.7,3893.426380217118,3853.26,3891.880860024164,-2.400838982733433,-2.7822170563911666,-3.785160492902351,-2.8208082693692753,0.3907595820319217,1.0022905286475323
2025-11-24,3853.26,3915.16,3918.55603861476,3846.06,3922.965075935267,1.606431956317489,1.6945661236137566,-0.18685476713224958,1.8089896849749787,0.08674073638778679,1.9995807640875904
2025-11-25,3846.06,3942.36,3885.3490096999094,3857.78,3954.69302189468,2.503861094210702,1.0215391777535736,0.3047274353494389,2.824527487732378,1.446113249426504,2.51214485778556
2025-11-26,3857.78,3891.88,3852.8074422514023,3960.87,3894.043716626858,0.883928062253414,-0.12889687199886057,2.6722622855631872,0.9400151544893229,1.0039507320009295,1.6871617440901092
2025-11-27,3960.87,3989.45,3946.490342686263,3986.91,3991.054477872779,0.7215586474688562,-0.36304290001279527,0.6574313219065431,0.7620668659354914,1.0768315761254534,0.10395213016544477
2025-12-02,3920.37,3939.09,3914.1143200966403,3994.93,3939.0483951215247,0.4775059496935352,-0.15956860968121034,1.9018613039075483,0.4764447009217138,0.6340469474766972,1.3988131175884226
2025-12-03,3994.93,4010.26,3990.828575739573,4036.3,4009.8555017061885,0.3837363858691045,-0.1026657353302084,1.0355625755645415,0.3736110947172769,0.48454275434578603,0.6551668184676969
2025-12-04,4036.3,4018.91,4057.7772371832866,4028.51,4014.12240948903,-0.43084012585784537,0.5321021029974458,-0.19299853826524327,-0.549453472511223,0.9671089221526923,0.35714421736498886
2025-12-05,4028.51,4023.5,4015.8080753101794,4100.05,4020.4264441857454,-0.12436359845203748,-0.3153008107171358,1.7758426812891193,-0.2006587004687827,0.19117496433007464,1.9420142635883664
2025-12-08,4100.05,4109.25,4105.926602359988,4154.85,4108.211672020908,0.2243875074694257,0.14333001695070302,1.336569066230897,0.19906274364721543,0.08087601484486086,1.1225032908310177
2025-12-09,4154.85,4129.77,4178.631136681222,4143.55,4124.237081757358,-0.6036319000685908,0.5723705231530016,-0.2719713106369759,-0.7367996014932423,1.1831442593951231,0.46609593808791727
2025-12-10,4143.55,4159.05,4171.635829834984,4135.0,4158.958804679012,0.3740753701536148,0.6778204639737311,-0.2063448009557045,0.37187447186620054,0.3026130927732053,0.5794148652723639
2025-12-11,4135.0,4163.32,4175.184595389034,4110.62,4164.867426645858,0.6848851269649181,0.9718160916332383,-0.5896009673518776,0.7223077786181029,0.28497918461791427,1.3196896489059673
2025-12-12,4110.62,4123.83,4093.34665051513,4167.16,4123.269244500154,0.3213627141404496,-0.42021275342575026,1.3754616091976368,0.3077210858740075,0.7391999545294037,1.05325342679057
2025-12-15,4167.16,4053.74,4057.856922280151,4090.59,4036.7629043454494,-2.721757743883124,-2.6229633064208917,-1.8374624444465693,-3.1291598031885033,0.10155861698459588,1.3158760876682998
2025-12-16,4090.59,4093.32,4101.100349517886,3999.13,4091.642798946077,0.06673853893937043,0.25693969617794743,-2.235863286225215,0.025737092841799897,0.1900743044249044,2.3133231214308374
2025-12-17,3999.13,4019.43,3964.2952168475404,4056.41,4019.710600644558,0.507610405263148,-0.8710590341514217,1.4323115277572906,0.5146269474750192,1.371706514417703,0.9047260842824564
2025-12-18,4056.41,3989.6,3961.933670022841,3994.51,3979.4227620836073,-1.6470228601152215,-2.3290626434990234,-1.5259798688988413,-1.8979155932559244,0.6934612486755306,0.37769934025432284
2025-12-19,3994.51,4055.78,4051.7949679143803,4020.55,4061.0261159008546,1.5338552162843522,1.434092489801746,0.651894725510771,1.6651883685571949,0.09825562741617833,1.0067308179441727
2025-12-22,4020.55,4096.26,4059.9379521827523,4105.93,4102.833986066061,1.8830756985984465,0.9796657716668593,2.123590056086866,2.04658531957221,0.8867124600793882,0.07540347580059822
2025-12-23,4105.93,4127.4,4089.8124335022303,4117.32,4127.719037262222,0.522902241392309,-0.3925436258720918,0.2774036576366212,0.53067239972971,0.9106838808394955,0.2525681089209002
2025-12-24,4117.32,4136.24,4141.695166372732,4108.62,4136.234097421524,0.4595222134786692,0.5920153491283733,-0.21130249774123921,0.45937885375740256,0.13188708519651887,0.6721015187952182
2025-12-26,4108.62,4130.37,4174.140359191383,4129.68,4130.626481168962,0.5293748265841058,1.5947047717088199,0.5125808665683573,0.5356173403469382,1.0597200539269667,0.022918995393379802
2025-12-29,4129.68,4146.48,4175.038463053683,4220.56,4146.157457526899,0.4068111814958808,1.09835297295875,2.2006547722825953,0.3990008312241633,0.688739920455018,1.7628594895725134
2025-12-30,4220.56,4193.75,4263.723948967816,4214.17,4188.51028615604,-0.635223761775694,1.022706677972024,-0.1514017097257292,-0.7593711224093598,1.6685293345529868,0.6088912844987308
2026-01-02,4214.17,4224.53,4219.386784708276,4309.63,4223.636068723703,0.24583725858233763,0.12379151074292127,2.265214739794552,0.2246247475470285,0.12174644970503509,1.9953901211077794
2026-01-05,4309.63,4385.92,4371.6299006645,4457.52,4392.736155592408,1.7702215735457605,1.4386362788569038,3.431617099379758,1.9283826127163495,0.3258176012216294,1.4533607119562528
2026-01-06,4457.52,4446.08,4513.532212124298,4525.48,4442.766330075517,-0.25664495055547354,1.256577920554419,1.5246145838941683,-0.33098381890566714,1.5171164739342986,1.827732526151545
2026-01-07,4525.48,4566.34,4594.098189634417,4551.06,4569.4688628678505,0.9028876494869165,1.516263239135255,0.565243907828572,0.9720264561516405,0.6078870525282227,0.40449615843012554
2026-01-08,4551.06,4531.46,4558.970698801417,4552.37,4527.324039513577,-0.4306688991136176,0.17382101755232382,0.02878450295094037,-0.5215479577598005,0.6071045270490474,0.5501740958319007
2026-01-09,4552.37,4530.03,4533.744566901143,4586.32,4525.6444598113485,-0.49073339820796535,-0.40913706704105024,0.7457653925317942,-0.5870687178030711,0.08199872630299074,1.3229678737779138
2026-01-12,4586.32,4639.89,4621.149613289197,4624.79,4644.45960222206,1.1680388634024874,0.7594239671282735,0.8387988627047482,1.2676743494143576,0.40389721977898724,0.42530800797572105
2026-01-13,4624.79,4662.44,4635.319263087476,4692.64,4665.076484083798,0.8140910181867689,0.22767007988420396,1.4670936410085655,0.8710986679135322,0.5816854889826609,0.5873775937681571
2026-01-14,4692.64,4685.11,4614.6124809284975,4723.1,4682.595804237638,-0.16046404582497065,-1.6627637975958665,0.6491015718231186,-0.21404147265426243,1.5047142771781712,0.8575765019237902
2026-01-15,4723.1,4710.28,4735.9717913720315,4797.55,4707.240991179687,-0.27143189854123007,0.27252845317760144,1.5762952298278732,-0.33577541911697967,0.5454408521793127,1.8823984913198082
2026-01-16,4797.55,4820.66,4822.691583804012,4840.74,4821.868565465655,0.4817042031870278,0.5240504800160835,0.9002511698679383,0.5068955084502391,0.042143270921665726,0.3898460676331532
2026-01-19,4840.74,4829.4,4866.584630201554,4904.66,4826.750496404126,-0.23426170378909594,0.5338983337579395,1.32045926862423,-0.28899514528509773,0.769963767788021,1.5884791931728908
2026-01-22,4909.93,4987.06,5030.28683870972,4952.53,4993.868683237628,1.5708981594442228,2.451294391360367,0.8676294774059734,1.7095698561410906,0.8667800008365496,0.8346982903208698
2026-01-23,4952.53,4984.08,4999.941292086363,4990.07,4986.129990330429,0.6370481349936341,0.9573145864106736,0.7579964179924126,0.6784409247481357,0.31823911506964964,0.07895700199738336
2026-01-26,4990.07,4997.54,5024.692597928075,4949.59,4997.248704613129,0.14969729883549387,0.693829904752363,-0.8112110651754323,0.14385979782106206,0.5433192716431486,0.9628818672481755
2026-01-27,4949.59,4932.89,4978.3508566951905,5084.85,4930.1604463391095,-0.3374016837758287,0.5810755374726029,2.7327516016478093,-0.39254874971241516,0.9215866701911081,3.042165524270939
2026-01-28,5084.85,5145.39,5142.490341727943,5170.81,5150.242941860859,1.1905955927903555,1.1335701491281287,1.6905120111704308,1.2860348262162753,0.05635448959276988,0.397753120674351
2026-01-29,5170.81,5243.42,5265.773265502973,5221.25,5249.502531965317,1.4042287378573048,1.836525911858542,0.9754757958617688,1.5218608296440206,0.4263107953010258,0.5411066691944811
2026-01-30,5221.25,5210.35,5205.511827210461,5224.36,5208.522585951154,-0.20876226957146082,-0.3014253826102757,0.059564280584134544,-0.24376182042319142,0.0928569633429498,0.30314553455056426
2026-02-02,5224.36,5122.62,5159.14652477122,4949.67,5112.454943132855,-1.9474155686055261,-1.2482576857027294,-5.257868906430641,-2.1419859440609876,0.7130438090512368,3.2888039633522035
2026-02-03,4949.67,5114.81,5001.1889633847395,5288.08,5131.778504462377,3.3363840417644175,1.0408565295209602,6.837021457996184,3.6792049664397135,2.2214126549228785,2.955732431007529
2026-02-04,5288.08,5260.71,5174.743887520516,5371.1,5255.847855319967,-0.5175791591655154,-2.143237478999625,1.5699459917399183,-0.6095245283738855,1.6341161645383202,2.1457828876772687
2026-02-05,5371.1,5251.03,5270.866330378034,5163.57,5234.2154156391025,-2.2354824896203884,-1.8661665137861125,-3.8638267766379464,-2.5485391141646647,0.3777607512818303,1.3681506329749147
2026-02-06,5163.57,5013.15,5198.797304015283,5089.14,4990.9292910421045,-2.9131008197816666,0.6822276838559965,-1.4414445819462052,-3.3434369817373435,3.703206646824516,1.9298095347720006
2026-02-09,5089.14,5299.1,5224.64791686295,5298.04,5324.833026708572,4.125647948376354,2.662687936723108,4.104819281843297,4.631293827809252,1.4049948696391852,0.5057158252593816
2026-02-10,5298.04,5350.21,5279.835842067672,5301.69,5355.735671935688,0.9847037772459322,-0.3436017457838607,0.0688934020883103,1.0890003083345385,1.3153531904790234,1.0194046037336777
2026-02-11,5301.69,5293.75,5277.351985783605,5354.49,5291.931481259867,-0.1497635659572616,-0.45906143543651523,0.9959088517057735,-0.18406430289458775,0.30976177976660374,1.1683375772507367
2026-02-12,5354.49,5425.39,5461.587936260191,5522.27,5433.003769068964,1.3241223720653172,2.0001519521036,3.1334450153049254,1.4663164758728429,0.6671951004479041,1.6164771177620119
2026-02-13,5522.27,5513.71,5519.7962877406035,5507.01,5512.021718097524,-0.1550087192404681,-0.04479520667038939,-0.2763356373375436,-0.1855809640324772,0.11038461835322204,0.09100615574556707
2026-02-19,5507.01,5642.09,5572.058813019578,5677.25,5658.041013680231,2.4528737009738455,1.1812001979219051,3.09133268325279,2.7425229603765233,1.2412277539071834,0.3383501927829298
2026-02-20,5677.25,5696.89,5674.32397141764,5808.53,5698.697441573857,0.34594213747853875,-0.05153954084037815,2.3123871592760636,0.37777870577932304,0.3961113622057044,1.8908838970641952
2026-02-23,5808.53,5903.11,5927.27293202146,5846.09,5914.549889230865,1.6282949386505763,2.0442854219821607,0.6466352071866854,1.82524475608916,0.409325457622518,1.1710372100132733
2026-02-24,5846.09,5853.48,5849.163673376581,5969.64,5853.83012148996,0.1264092752591761,0.05257656615926298,2.113378343474026,0.13239826088821582,0.07373949553801701,1.9399809454178158
2026-02-25,5969.64,6022.7,6005.570846398633,6083.86,6028.812183375435,0.8888308172687154,0.6018930186515852,1.9133482086021836,0.9912186224870416,0.2844098759919447,0.9048172808803095
2026-02-26,6083.86,6121.03,6198.096246692995,6307.27,6125.358892614256,0.6109608044892578,1.8776935480598738,3.6721752308567446,0.6821145229222174,1.2590404996053812,2.8841496778438973
2026-02-27,6307.27,6197.49,6283.726882388019,6244.13,6183.700043355717,-1.740531164830439,-0.3732695383578303,-1.0010670226579865,-1.9591670666434642,1.3914807831560647,0.9677882530357834
2026-03-03,6244.13,6165.15,6202.235708747978,5791.91,6155.741583703507,-1.2648679639917892,-0.67093880575873,-7.242321988811895,-1.4155441397999962,0.6015378173763504,6.281720256418125
2026-03-04,5791.91,5592.59,5596.426859236462,5093.54,5563.818005192132,-3.4413518165855472,-3.3751066705721913,-12.057680454288821,-3.9381135896080592,0.06860612411176682,9.232832277593419
2026-03-05,5093.54,5250.92,5197.808998963444,5583.9,5281.814471458253,3.0897960946610903,2.04708314774094,9.627096282742453,3.6963383316564338,1.0114608685060227,5.409938010024294
2026-03-06,5583.9,5491.02,5341.571055490723,5584.87,5466.45851714815,-1.663353570085413,-4.339779446431292,0.017371371263807944,-2.1032160828784456,2.721697325984565,2.1202191430033204
2026-03-09,5584.87,5265.37,5484.350634505843,5251.87,5187.912407047509,-5.72081355519466,-1.7998514825619283,-5.962538071611334,-7.107732014397677,4.158884076633612,1.2178060948289051
2026-03-10,5251.87,5523.21,5473.85821448664,5532.59,5583.022994985233,5.166540679795961,4.226841381958032,5.345143729757207,6.305430160785267,0.8935344756647038,0.9115621252475361
2026-03-11,5532.59,5658.72,5470.653181139848,5609.95,5684.676506240347,2.279764088790248,-1.119490489267271,1.3982601277159556,2.748920600303792,3.3234869168319356,1.3320351561127568
2026-03-12,5609.95,5567.65,5581.2345126948185,5583.25,5557.533132057497,-0.7540174154849866,-0.5118670809041297,-0.4759400707671113,-0.9343553497357895,0.24399006214145721,0.4606074946044524
2026-03-13,5583.25,5412.39,5400.312427278271,5487.24,5375.5615363082725,-3.0602247794743187,-3.2765427434151975,-1.719607755339636,-3.71984889968616,0.2231467562708834,2.035239276789922
2026-03-16,5487.24,5510.82,5439.174126283895,5549.85,5514.566159526914,0.42972423294771467,-0.8759571973543183,1.1410107813764503,0.49799461162467346,1.3000946087171181,0.6357620561472194
2026-03-17,5549.85,5711.8,5659.225585149748,5640.48,5742.826274967249,2.918096885501398,1.9707845284061296,1.6330171085704892,3.477143976274127,0.9204526567851069,1.814495840198882
2026-03-18,5640.48,5767.1,5745.035718597434,5925.03,5789.831942660967,2.2448444104048004,1.8536670389299243,5.044783422687438,2.64785874005347,0.3825888471253479,2.281812199078028
2026-03-19,5925.03,5761.4,5818.413206950515,5763.22,5728.428911750764,-2.7616737805546965,-1.799430434098812,-2.7309566365064764,-3.3181450262570165,0.9895720996722198,0.6036744779695388
2026-03-20,5763.22,5813.35,5861.677418553534,5781.2,5822.328314072264,0.8698262429683412,1.7083751540550778,0.3119783732010939,1.025612662231606,0.8313178899177546,0.7114148286214697
2026-03-23,5781.2,5580.15,5647.544981871659,5405.75,5540.685274585224,-3.4776516986092854,-2.31189057857091,-6.49432643741783,-4.160290690769666,1.2077629072992515,2.4961434506816604
2026-03-24,5405.75,5638.2,5543.461541116636,5553.92,5685.342148571233,4.300050871756933,2.5475011074621583,2.7409702631457256,5.172125025597435,1.6802961740158884,2.3662953116219403
2026-03-25,5553.92,5680.33,5524.156658430034,5642.21,5703.122388298345,2.2760500691403562,-0.5358979166060316,1.5896880041484263,2.686433875503167,2.749370926864557,1.0795838562964675
2026-03-26,5642.21,5594.06,5579.424215686676,5460.46,5583.786949098659,-0.8533890089167162,-1.1127870872109373,-3.2212555009473287,-1.0354639565230972,0.2616308068437703,2.2585450511249707
2026-03-27,5460.46,5300.61,5343.839078329361,5438.87,5268.759921320384,-2.9274090461243296,-2.135734382646141,-0.39538793434985564,-3.510694679195815,0.8155491222587793,3.127673187254264
2026-03-30,5438.87,5181.8,5379.956337255546,5277.3,5136.098147919886,-4.726533268859157,-1.083196743890814,-2.970653830667025,-5.566815387757262,3.8240830841704736,2.6756457294471394
2026-03-31,5277.3,5143.75,5253.19564169271,5052.46,5122.647046489971,-2.5306501430655826,-0.45675550579444923,-4.260512004244599,-2.9305317778035933,2.1277403002227873,1.3891658022027127
2026-04-01,5052.46,5330.04,5261.4337081967515,5478.7,5373.316065313957,5.493957398970006,4.136078429057361,8.43628648222845,6.350491944794366,1.2871627943364121,1.9235208112516322
2026-04-02,5478.7,5551.69,5488.1541779537265,5234.05,5563.752467935714,1.3322503513607309,0.17256243184928,-4.465475386496786,1.5524206095554562,1.1444410989495648,6.299184530826294
2026-04-03,5234.05,5375.5,5300.800787641798,5377.3,5397.586995856613,2.7024961549851456,1.2753181120126442,2.736886349958456,3.1244828738092463,1.3896235207553196,0.37727104414134455
2026-04-08,5494.78,5804.7,5526.411851856231,5872.34,5852.998085761873,5.640262212499869,0.5756709432630838,6.871248712414335,6.519243459462868,4.7941865754262745,0.32937320111109325
2026-04-09,5872.34,5826.45,6032.39831657727,5778.01,5817.482223905105,-0.7814602015550953,2.72563095081805,-1.6063443193003124,-0.9341723417733971,3.534713531863655,0.6831456488497654
2026-04-10,5778.01,5876.12,5907.03862598381,5858.87,5890.677461249287,1.6979894461934153,2.2330980040499995,1.3994437531260617,1.9499353799887427,0.52617417588153,0.5428941288898265
2026-04-13,5858.87,5737.28,5860.573122595636,5808.62,5715.877091912038,-2.0753148644704567,0.02906913100367836,-0.8576739200562566,-2.4406226471651014,2.1489821412870964,1.5966427152742297
2026-04-14,5808.62,5960.0,5876.941751757699,5967.75,5982.506862444851,2.606126756441296,1.1762131411195678,2.7395491528108273,2.993600243170529,1.3935947691661172,0.24727682032342713
2026-04-15,5967.75,6141.6,6050.762305094307,6091.39,6167.442950633991,2.9131582254618538,1.391015124532812,2.0718026056721683,3.346201677918667,1.4790558633856608,1.2485319546768603
2026-04-16,6091.39,6149.49,6054.0656180067435,6226.05,6156.765002455109,0.953805289104781,-0.612739982060855,2.210661277639425,1.073236198225835,1.5517446486335655,1.112824303449069
2026-04-17,6226.05,6227.33,6199.107787636001,6191.92,6226.049047870104,0.020558781249735425,-0.43273363310603674,-0.5481806281671386,-1.5292679889283844e-05,0.4531992421149763,0.5511868349414064
2026-04-20,6191.92,6213.92,6358.842541271139,6219.09,6215.763234699304,0.35530174808460213,2.695812304925428,0.4387976588844822,0.38507013493882913,2.3322241237598713,0.053492798796866164
2026-04-21,6219.09,6302.54,6211.840644687384,6388.47,6313.80871325868,1.3418361850367155,-0.11656617467533059,2.723549586836671,1.5230317178024326,1.4390921011626394,1.1686880699341236
2026-04-22,6388.47,6387.57,6298.602309035734,6417.93,6385.97257287459,-0.01408788019667817,-1.406716959839614,0.4611432784375591,-0.039092726825212254,1.3928252992024477,0.4979397893933169
2026-04-23,6417.93,6488.83,6569.017333089032,6475.81,6498.430282450223,1.1047175646976548,2.35414429713367,0.9018484152990114,1.254302905301589,1.2357749099457391,0.34930429475575214
2026-04-24,6475.81,6496.1,6436.279283019184,6475.63,6497.786375124616,0.31331987813107975,-0.6104366400622772,-0.002779575064748574,0.3393610239431801,0.9208712455291104,0.3421501093270586
2026-04-27,6475.63,6533.6,6512.18673172195,6615.03,6541.075603946457,0.8952024745082721,0.5645278022671214,2.152686302336604,1.010644585105332,0.32774072912406715,1.117975217853025
2026-04-28,6615.03,6646.8,6648.145707776761,6641.02,6650.347963051284,0.48026993074861135,0.5006131155378185,0.3928931539237235,0.5339048054398097,0.02024594958116265,0.1404597945990737
2026-04-29,6641.02,6619.0,6596.887446263739,6690.9,6614.144433970501,-0.3315755712224977,-0.6645448099277103,0.7510894410798219,-0.40469033415799627,0.33407695628133194,1.1471635509348275
2026-04-30,6690.9,6739.39,6697.863873097552,6598.87,6745.615734284051,0.7247156585810766,0.10407976651201678,-1.3754502383834688,0.8177634441413133,0.6161704086341434,2.223800958104202
2026-05-04,6598.87,6782.93,6668.691424247989,6936.99,6809.638078654641,2.789265434839616,1.0580815237758576,5.12390757811565,3.1940025891499704,1.6842069098753996,1.8358383296697731
2026-05-06,6936.99,7093.01,7017.780967551861,7384.56,7116.576888865808,2.2491022763475366,1.1646401040200751,6.451933763779394,2.588830153507624,1.060608013355954,3.6289651805143803
2026-05-07,7384.56,7499.07,7485.788837346045,7490.05,7517.502536999139,1.5506678800090823,1.37081745352526,1.4285211305751444,1.8002770239410113,0.17710412963147573,0.3665200766235049
2026-05-08,7490.05,7353.94,7418.259376357428,7498.0,7329.507927740837,-1.8172108330385073,-0.9584798985664054,0.10614081347921633,-2.143404546820959,0.8746247094404925,2.2471602061771576
2026-05-11,7498.0,7775.31,7746.3569787156,7822.24,7820.048558086499,3.698452920778883,3.3123096654521316,4.324353160842898,4.295126141457714,0.3723712788866317,0.02801552897253174
2026-05-12,7822.24,7953.41,7888.941156799698,7643.15,7974.107041557032,1.6768853934422845,0.8527117142876833,-2.2894976375053666,1.9414776529105655,0.8105811620462446,4.330113128187101
2026-05-13,7643.15,7513.65,7409.842888312868,7844.01,7492.120095197354,-1.694327600531198,-3.052499449665798,2.6279740682833674,-1.9760164958511282,1.3815803462648848,4.486097095779404
2026-05-14,7844.01,7873.91,7800.27441770334,7981.41,7877.687815683397,0.38118258390797966,-0.5575666310555545,1.7516550845804613,0.42934437466801467,0.9351844546948058,1.2995471265929526
2026-05-15,7981.41,7951.75,8089.245316702989,7493.18,7947.06970310752,-0.37161353695650545,1.3510810333385823,-6.117089586927616,-0.43025351275626955,1.7291202150845908,6.057370877351397
2026-05-18,7493.18,7443.29,7478.153095575173,7516.04,7434.691755083833,-0.66580543907927,-0.2005410843570674,0.3050774170645809,-0.7805530484542917,0.4683828733688093,1.0823285256087853
2026-05-19,7516.04,7425.66,7303.909849338319,7271.66,7411.285318340828,-1.202494930841247,-2.82236590893185,-3.2514462403073985,-1.3937483257030547,1.6395869277839399,1.9201299062501274
2026-05-20,7271.66,7324.52,7307.520721434211,7208.95,7331.276377659057,0.7269316772236412,0.49315729055278257,-0.862389055593904,0.8198455051399162,0.23208727078074207,1.696868166086011
2026-05-21,7208.95,7486.37,7339.160070020112,7815.59,7526.600054813479,3.8482719397415766,1.806227953032156,8.415095124810135,4.40632900510446,1.9663726209082417,3.6976088201469275
2026-05-22,7815.59,7873.12,7724.875604549992,7847.71,7881.567877790964,0.7360928605517847,-1.1606851875547237,0.41097345178036093,0.8441829444861424,1.8829180229693907,0.4314364036255706
2026-05-28,8228.7,8165.73,8172.565199025112,8185.29,8153.826729699209,-0.7652484596594955,-0.682183102736635,-0.5275438404608312,-0.9099039982110403,0.08370591514919255,0.3843879728243106
2026-05-29,8185.29,8384.31,8373.370828339133,8476.15,8415.54114492661,2.431434927778975,2.297790650534478,3.553447709244262,2.8129870160569985,0.13047193699739304,0.7150517047644196
2026-06-01,8476.15,8485.67,8412.39699162197,8788.38,8485.813218333733,0.11231514307794566,-0.752145825380981,3.683629949918288,0.11400480564565046,0.8634911371527502,3.44280495001657
2026-06-02,8788.38,8883.19,8868.17691579139,8801.49,8897.975083410529,1.0788108843723387,0.9079820830618326,0.14917425054448152,1.247045341809645,0.16900555103077794,1.0962357897416133
2026-06-04,8801.49,8623.82,8892.361698178649,8639.41,8593.453680148554,-2.018635481037867,1.0324581199166207,-1.8415063813058907,-2.363648880490074,3.1139529602733975,0.5319381746143093
2026-06-05,8639.41,8323.2,8466.003021108585,8160.59,8270.590901409187,-3.660087899520903,-2.007162281815726,-5.542276613796537,-4.269031086507219,1.715722571950503,1.347952800093946
2026-06-08,8160.59,8048.09,7670.9546,7484.41,8027.8485146728,-1.3785767940798443,-6.0,-8.28592050329695,-1.6266162780779365,4.686023640391697,7.260939936117877
2026-06-09,7484.41,7697.76,7717.231695010571,8096.93,7734.510497589927,2.8505920974398746,3.110755490553968,8.183945027062922,3.3416194140877606,0.252952742233719,4.476011308113984
2026-06-10,8096.93,7899.77,7865.446571853173,7730.82,7858.884608591461,-2.4349969679866246,-2.858903660360502,-4.521590281748766,-2.939946268629458,0.4344864236152142,1.6565462472475283
2026-06-11,7730.82,7509.62,7671.47753513581,7763.95,7462.67241984239,-2.8612747418773177,-0.7676089323537373,0.4285444493598467,-3.4685528851740113,2.1553358909746483,3.880467805145704
2026-06-12,7763.95,8263.85,8195.861674269085,8123.62,8356.828153167871,6.438732861494478,5.563040388836672,4.632564609509338,7.636295354399127,0.8227197460132465,2.8707417772848975
2026-06-15,8123.62,8526.12,8170.6683520405395,8545.98,8591.944543612573,4.954687688493564,0.57915500774951,5.199159980402812,5.764973541507017,4.168973084585501,0.5378498851222895
2026-06-16,8545.98,8696.55,8656.706129730692,8726.6,8719.675079726594,1.7618810247625127,1.2956516365670434,2.113508339593606,2.032477021085869,0.45815720336578813,0.07935416168274373
2026-06-17,8726.6,8622.13,8579.284301874628,8864.24,8603.320114879398,-1.1971443632113443,-1.6881225004626454,1.5772465794238189,-1.4126909119313564,0.49692707167916983,2.943511063786653
2026-06-18,8864.24,8884.92,8815.730064324587,9063.84,8887.09170907217,0.2332969323935341,-0.5472543125571215,2.251744086351448,0.2577965970254673,0.7787344812942933,1.9500376322599433
2026-06-19,9063.84,9288.89,9287.127254244031,9052.42,9324.007471728262,2.482943211707167,2.4634950996931835,-0.1259951631979339,2.8703890594743724,0.018976925724907428,3.00016428455885
2026-06-24,8203.84,8356.79,7738.624196672778,8471.02,8378.387215768038,1.8643708312205076,-5.670707904191476,3.2567675625073234,2.127628229805029,7.397168091183605,1.093525741079143
2026-06-25,8471.02,8703.42,8312.494641065889,8930.3,8737.885924892242,2.743471270283848,-1.8713845432322398,5.42177919542155,3.1503399223734783,4.491629255328497,2.154620506676792
2026-06-26,8930.3,8813.18,8959.624018144403,8411.21,8792.02369778801,-1.311490095517498,0.3283654316697504,-5.812682664636126,-1.5483948155379847,1.6616478744834715,4.527454406536173
